Year,Abkhazia,Afghanistan,Akrotiri and Dhekelia,Albania,Algeria,American Samoa,Andorra,Angola,Anguilla,Antigua and Barbuda,Argentina,Armenia,Aruba,Australia,Austria,Azerbaijan,Bahamas,Bahrain,Bangladesh,Barbados,Belarus,Belgium,Belize,Benin,Bermuda,Bhutan,Bolivia,Bosnia and Herzegovina,Botswana,Brazil,British Virgin Islands,Brunei,Bulgaria,Burkina Faso,Burundi,Cambodia,Cameroon,Canada,Cape Verde,Cayman Islands,Central African Republic,Chad,Channel Islands,Chile,China,Christmas Island,Cocos Island,Colombia,Comoros,"Congo, Dem. Rep.","Congo, Rep.",Cook Is,Costa Rica,Cote d'Ivoire,Croatia,Cuba,Cyprus,Czech Republic,Czechoslovakia,Denmark,Djibouti,Dominica,Dominican Republic,East Germany,Ecuador,Egypt,El Salvador,Equatorial Guinea,Eritrea,Eritrea and Ethiopia,Estonia,Ethiopia,Faeroe Islands,Falkland Is (Malvinas),Fiji,Finland,France,French Guiana,French Polynesia,Gabon,Gambia,Georgia,Germany,Ghana,Gibraltar,Greece,Greenland,Grenada,Guadeloupe,Guam,Guatemala,Guernsey,Guinea,Guinea-Bissau,Guyana,Haiti,Holy See,Honduras,"Hong Kong, China",Hungary,Iceland,India,Indonesia,Iran,Iraq,Ireland,Isle of Man,Israel,Italy,Jamaica,Japan,Jersey,Jordan,Kazakhstan,Kenya,Kiribati,North Korea,South Korea,United Korea (former),Kosovo,Kuwait,Kyrgyz Republic,Lao,Latvia,Lebanon,Lesotho,Liberia,Libya,Liechtenstein,Lithuania,Luxembourg,"Macao, China","Macedonia, FYR",Madagascar,Malawi,Malaysia,Maldives,Mali,Malta,Marshall Islands,Martinique,Mauritania,Mauritius,Mayotte,Mexico,"Micronesia, Fed. Sts.",Moldova,Monaco,Mongolia,Montenegro,Montserrat,Morocco,Mozambique,Myanmar,Namibia,Nauru,Nepal,Netherlands,Netherlands Antilles,New Caledonia,New Zealand,Ngorno-Karabakh,Nicaragua,Niger,Nigeria,Niue,Norfolk Island,Northern Cyprus,Northern Mariana Islands,Norway,Oman,Pakistan,Palau,Panama,Papua New Guinea,Paraguay,Peru,Philippines,Pitcairn,Poland,Portugal,Puerto Rico,Qatar,Reunion,Romania,Russia,Rwanda,St. Barthélemy,St. Helena,St. Kitts and Nevis,St. Lucia,St. Martin,St. Vincent and the Grenadines,St.-Pierre-et-Miquelon,Samoa,San Marino,Sao Tome and Principe,Saudi Arabia,Senegal,Serbia,Serbia and Montenegro,Serbia excluding Kosovo,Seychelles,Sierra Leone,Singapore,Slovak Republic,Slovenia,Solomon Islands,Somalia,Somaliland,South Africa,South Ossetia,Spain,Sri Lanka,Sudan,Suriname,Svalbard,Swaziland,Sweden,Switzerland,Syria,Taiwan,Tajikistan,Tanzania,Thailand,Timor-Leste,Togo,Tokelau,Tonga,Transnistria,Trinidad and Tobago,Tunisia,Turkey,Turkmenistan,Turks and Caicos Islands,Tuvalu,Uganda,Ukraine,United Arab Emirates,United Kingdom,United States,Uruguay,USSR,Uzbekistan,Wallis et Futuna,Vanuatu,Venezuela,West Bank and Gaza,West Germany,Western Sahara,Vietnam,Virgin Islands (U.S.),North Yemen (former),South Yemen (former),Yemen,Yugoslavia,Zambia,Zimbabwe,Åland,South Sudan,Christian,Coastline,Curaçao,Sint Maarten (Dutch part),St. Martin (French part),Antarctica,"Virgin Islands, British",Hawaiian Trade Zone,U.S. Pacific Islands,Wake Island,Bonaire,Sark,Chinese Taipei,Saint Eustatius,Saba
1960,,,,,,,,,,,,,,3.063554271,1.546261468,,,,,,,2.519158979,,,,,,,,,,,,,,,,4.251209992,,,,,,,,,,,,,,,,,,,,,,1.922973673,,,,,,,,,,,,,,,,2.196953067,1.699542094,,,,,,1.952533904,,,0.289057068,,,,,,,,,,,,,,,3.082711563,,,,,1.318812487,,,0.794820567,,0.873910315,,,,,,,,,,,,,,,,,,,,10.52340669,,,,,,,,,,,,,,,,,,,,,,,,,,,1.825735327,,,1.73146543,,,,,,,,,1.90617493,,,,,,,,,,1.827975619,0.336913602,,,,,,,,,,,,,,,,,,,,,,,,,,,,,,,,0.530837728,,,,,,2.698792303,1.398654836,,,,,,,,,,,,,0.379603949,,,,,,,3.032779733,5.641734838,,,,,,,,,,,,,,,,,,,,,,,,,,,,,,,,,,
1961,,,,,,,,,,,,,,3.115787084,1.554034906,,,,,,,2.570531976,,,,,,,,,,,,,,,,4.307820754,,,,,,,,,,,,,,,,,,,,,,2.02330839,,,,,,,,,,,,,,,,2.25277869,1.744664899,,,,,,1.994320558,,,0.322490578,,,,,,,,,,,,,,,2.916706232,,,,,1.396466152,,,0.890680253,,0.962907113,,,,,,,,,,,,,,,,,,,,10.53401821,,,,,,,,,,,,,,,,,,,,,,,,,,,1.878975096,,,1.808444435,,,,,,,,,1.937644745,,,,,,,,,,1.89410259,0.365840116,,,,,,,,,,,,,,,,,,,,,,,,,,,,,,,,0.557599291,,,,,,2.742123469,1.454755116,,,,,,,,,,,,,0.375499384,,,,,,,3.006684186,5.612052746,,,,,,,,,,,,,,,,,,,,,,,,,,,,,,,,,,
1962,,,,,,,,,,,,,,3.172974865,1.675873621,,,,,,,2.809731125,,,,,,,,,,,,,,,,4.451560116,,,,,,,,,,,,,,,,,,,,,,2.296289563,,,,,,,,,,,,,,,,2.361743876,1.860524775,,,,,,2.124825831,,,0.350101258,,,,,,,,,,,,,,,3.028298369,,,,,1.412729677,,,1.007045241,,1.003752254,,,,,,,,,,,,,,,,,,,,10.41454092,,,,,,,,,,,,,,,,,,,,,,,,,,,2.080965372,,,1.820007655,,,,,,,,,2.052054484,,,,,,,,,,1.976834155,0.363164048,,,,,,,,,,,,,,,,,,,,,,,,,,,,,,,,0.605223527,,,,,,2.887236252,1.56891106,,,,,,,,,,,,,0.400009705,,,,,,,3.087379117,5.774613108,,,,,,,,,,,,,,,,,,,,,,,,,,,,,,,,,,
1963,,,,,,,,,,,,,,3.284050959,1.823995225,,,,,,,3.043220661,,,,,,,,,,,,,,,,4.69412007,,,,,,,,,,,,,,,,,,,,,,2.502927644,,,,,,,,,,,,,,,,2.478912009,1.982962873,,,,,,2.281287506,,,0.36781143,,,,,,,,,,,,,,,3.279602269,,,,,1.453962105,,,1.119729533,,1.136484868,,,,,,,,,,,,,,,,,,,,10.46581302,,,,,,,,,,,,,,,,,,,,,,,,,,,2.268426385,,,1.967053875,,,,,,,,,2.182993108,,,,,,,,,,1.984224277,0.394938959,,,,,,,,,,,,,,,,,,,,,,,,,,,,,,,,0.623518184,,,,,,3.080414075,1.869587498,,,,,,,,,,,,,0.409869,,,,,,,3.196831184,5.986794908,,,,,,,,,,,,,,,,,,,,,,,,,,,,,,,,,,
1964,,,,,,,,,,,,,,3.349414167,1.855085155,,,,,,,3.021711404,,,,,,,,,,,,,,,,4.903607607,,,,,,,,,,,,,,,,,,,,,,2.600155821,,,,,,,,,,,,,,,,2.678383166,2.084690313,,,,,,2.341158953,,,0.433559342,,,,,,,,,,,,,,,3.306815957,,,,,1.522194973,,,1.221731677,,1.260474547,,,,,,,,,,,,,,,,,,,,11.15005034,,,,,,,,,,,,,,,,,,,,,,,,,,,2.34914885,,,2.217401563,,,,,,,,,2.320013134,,,,,,,,,,2.031594168,0.410251827,,,,,,,,,,,,,,,,,,,,,,,,,,,,,,,,0.683685554,,,,,,3.273508965,1.819435337,,,,,,,,,,,,,0.42183661,,,,,,,3.212534556,6.136960769,,,,,,,,,,,,,,,,,,,,,,,,,,,,,,,,,,
1965,,,,,,,,,,,,,,3.463215578,1.851843564,,,,,,,3.116016022,,,,,,,,,,,,,,,,5.153932412,,,,,,,,,,,,,,,,,,,,,,2.822734845,,,,,,,,,,,,,,,,2.887694106,2.109459068,,,,,,2.378350342,,,0.478755857,,,,,,,,,,,,,,1.426768402,3.444551345,,,,,1.511904911,,,1.316464235,,1.361587239,,,,,,,,,,,,,,,,,,,,10.92639517,,,,,,,,,,,,,,,,,,,,,,,,,,,2.493192288,,,2.274703242,,,,,,,,,2.53959773,,,,,,,,,,2.088014991,0.440882938,,,,,,,,,,,,,,,,,,,,,,,,,,,,,,,,0.714721578,,,,,,3.43754077,1.943600516,,,,,,,,,,,,,0.43378637,,,,,,,3.329410163,6.30789749,,,,,,,,,,,,,,,,,,,,,,,,,,,,,,,,,,
1966,,,,,,,,,,,,,,3.54653798,1.902756408,,,,,,,3.051303201,,,,,,,,,,,,,,,,5.272664705,,,,,,,,,,,,,,,,,,,,,,3.067427832,,,,,,,,,,,,,,,,3.065438676,2.12262326,,,,,,2.387709836,,,0.547197002,,,,,,,,,,,,,,1.448314232,3.639770926,,,,,1.629591872,,,1.431075877,,1.476997495,,,,,,,,,,,,,,,,,,,,10.48060618,,,,,,,,,,,,,,,,,,,,,,,,,,,2.605559088,,,2.320385291,,,,,,,,,2.710078199,,,,,,,,,,2.140893027,0.451750814,,,,,,,,,,,,,,,,,,,,,,,,,,,,,,,,0.790791704,,,,,,3.636643857,1.966692137,,,,,,,,,,,,,0.465931749,,,,,,,3.306781613,6.591337983,,,,,,,,,,,,,,,,,,,,,,,,,,,,,,,,,,
1967,,,,,,,,,,,,,,3.69280795,1.920212124,,,,,,,3.182923458,,,,,,,,,,,,,,,,5.55729174,,,,,,,,,,,,,,,,,,,,,,3.061110107,,,,,,,,,,,,,,,,3.126426045,2.247890514,,,,,,2.388410774,,,0.607702156,,,,,,,,,,,,,,1.476511667,3.594361789,,,,,1.767425106,,,1.551519173,,1.720549744,,,,,,,,,,,,,,,,,,,,10.36197257,,,,,,,,,,,,,,,,,,,,,,,,,,,2.762728901,,,2.208880731,,,,,,,,,2.815687987,,,,,,,,,,2.199042241,0.486585415,,,,,,,,,,,,,,,,,,,,,,,,,,,,,,,,0.881383249,,,,,,3.630194139,2.0408279,,,,,,,,,,,,,0.472459749,,,,,,,3.345553495,6.809858041,,,,,,,,,,,,,,,,,,,,,,,,,,,,,,,,,,
1968,,,,,,,,,,,,,,3.763558415,2.045828123,,,,,,,3.590004258,,,,,,,,,,,,,,,,5.871520391,,,,,,,,,,,,,,,,,,,,,,3.203752279,,,,,,,,,,,,,,,,3.342703258,2.359811226,,,,,,2.561520774,,,0.652081597,,,,,,,,,,,,,,1.507141948,3.92413444,,,,,1.881149354,,,1.69842756,,1.938456833,,,,,,,,,,,,,,,,,,,,11.11466726,,,,,,,,,,,,,,,,,,,,,,,,,,,3.042743435,,,2.33983152,,,,,,,,,3.052896565,,,,,,,,,,2.290229111,0.497129003,,,,,,,,,,,,,,,,,,,,,,,,,,,,,,,,0.993664568,,,,,,4.000823278,2.172603883,,,,,,,,,,,,,0.486300407,,,,,,,3.406144495,7.073473827,,,,,,,,,,,,,,,,,,,,,,,,,,,,,,,,,,
1969,,,,,,,,,,,,,,3.792934763,2.181632309,,,,,,,3.877044364,,,,,,,,,,,,,,,,6.09110001,,,,,,,,,,,,,,,,,,,,,,3.699530444,,,,,,,,,,,,,,,,3.668523299,2.536688301,,,,,,2.772008183,,,0.725525615,,,,,,,,,,,,,,1.607780013,3.553476685,,,,,1.974588853,,,1.832499918,,2.193610127,,,,,,,,,,,,,,,,,,,,11.97419259,,,,,,,,,,,,,,,,,,,,,,,,,,,3.362748626,,,2.408689051,,,,,,,,,3.193655078,,,,,,,,,,2.438355367,0.579972493,,,,,,,,,,,,,,,,,,,,,,,,,,,,,,,,1.049791164,,,,,,4.303223917,2.33444403,,,,,,,,,,,,,0.501897387,,,,,,,3.557129275,7.332366401,,,,,,,,,,,,,,,,,,,,,,,,,,,,,,,,,,
1970,,,,,,,,,,,,,,4.06341137,2.418210129,,,,,,,4.13519977,,,,,,,,,,,,,,,,6.476388529,,,,,,,,,,,,,,,,,,,,,,3.971430728,,,,,,,,,,,,,,,,3.872223019,2.951561745,,,,,,3.860864936,,,0.872783728,,,,,,,,,,,,,,1.73032702,4.231992095,,,,,2.023631076,,,2.026217475,,2.458357094,,,,,,,,,,,,,,,,,,,,12.10615294,,,,,,,,,,,,,,,,,,,,,,,,,,,3.765564988,,,2.492599352,,,,,,,,,3.417674662,,,,,,,,,,2.550004133,0.663861506,,,,,,,,,,,,,,,,,,,,,,,,,,,,,,,,1.123102994,,,,,,4.681299836,2.556658707,,,,,,,,,,,,,0.513542757,,,,,,,3.684952352,7.569088743,,,,,,,,,,,,,,,,,,,,,,,,,,,,,,,,,,
1971,,,,0.784875608,0.244749059,,,0.636725545,,,1.380653615,,,3.989629744,2.508520919,,,6.41744256,0.08380141,,,4.09995532,,0.379885537,,,0.23628218,,,0.708681854,,1.353018854,2.228687051,,,,0.383813359,6.530335513,,,,,,0.892442583,0.464225566,,,0.633607724,,0.320408048,0.369567445,,0.608055381,0.434079479,,1.212722261,0.945625271,4.618409322,,3.728538022,,,0.50476871,,0.37346314,0.211654396,0.456623395,,,,,0.289039806,,,,3.939211088,3.02788888,,,1.983254528,,,3.895264726,0.336250606,,0.984042076,,,,,0.488502507,,,,,0.31379358,,0.502742912,0.741963266,1.835908374,4.378310318,0.276121761,0.288727636,0.564509338,0.398574407,2.24532344,,1.870109156,1.949148723,1.060564088,2.531088536,,0.312826588,,0.453259115,,1.325812241,0.520655105,,,7.544128542,,,,0.730756681,,,0.754924403,,,11.86308959,,,,,0.544844315,,,0.695956392,,,,,,0.804284137,,,,,,,0.154731124,0.713476346,0.294884169,,,0.300060345,3.855310437,,,2.422680336,,0.501646123,,0.614017646,,,,,3.407062292,0.299047569,0.279198294,,1.079012955,,0.537837776,0.673178973,0.419703279,,2.627066299,0.726050458,,7.832949835,,2.058858004,,,,,,,,,,,,,1.22051319,0.29349851,,,,,,1.292180312,3.128601988,,,,,2.009919076,,1.246097896,0.299284397,0.462776461,,,,4.450382511,2.637670782,0.360928988,,,0.539462479,0.360202968,,0.335630745,,,,2.697727986,0.317897666,0.53920012,,,,,,3.713219511,3.733282998,7.644525891,0.857767862,,,,,1.782109186,,,,0.302401579,,,,0.117926041,,0.818383996,1.010043762,,,,,,,,,,,,,,,,,
1972,,,,0.866172858,0.275555918,,,0.67084633,,,1.379444153,,,4.035206344,2.627322496,,,5.995018729,0.085782448,,,4.473929513,,0.389498959,,,0.254900122,,,0.741984698,,1.285972547,2.262786549,,,,0.382081702,6.933606617,,,,,,0.890430538,0.476119088,,,0.619445671,,0.319696092,0.37124214,,0.6209031,0.870475687,,1.150655462,1.188394307,4.613786367,,3.858592122,,,0.572845143,,0.379786893,0.228573258,0.475654034,,,,,0.286555067,,,,4.188160677,3.170731002,,,1.902477479,,,4.017337385,0.345725408,,1.134786493,,,,,0.490220406,,,,,0.317739401,,0.499918532,0.760612814,1.880208557,4.403969647,0.276145564,0.293066558,0.539526783,0.401261205,2.194513065,,1.756331004,2.050737877,1.331985811,2.66704675,,0.330340195,,0.45731077,,1.340458868,0.555231962,,,7.766447316,,,,0.734353947,,,1.012753662,,,12.00957011,,,,,0.539680469,,,0.873033559,,,,,,0.863265218,,,,,,,0.164370493,0.68468697,0.292616772,,,0.301353592,4.381006532,,,2.649752402,,0.497706914,,0.619737904,,,,,3.49596034,0.110542286,0.278876724,,1.160407293,,0.538593907,0.654881832,0.410241963,,2.693818515,0.745283955,,7.879893521,,2.131873399,,,,,,,,,,,,,0.99042592,0.288184762,,,,,,1.569762546,3.224519441,,,,,1.997498239,,1.299431016,0.314555944,0.457303447,,,,4.52721372,2.727719217,0.290338577,,,0.527100994,0.367416866,,0.335402948,,,,2.725622699,0.341737812,0.595683811,,,,,,3.25553477,3.747962475,7.941005808,0.873203925,,,,,1.674388009,,,,0.298157004,,,,0.091174973,,0.844225329,0.994212972,,,,,,,,,,,,,,,,,
1973,,,,0.763339926,0.320556343,,,0.653363057,,,1.411518089,,,4.264271226,2.830946802,,,8.53306104,0.092160665,,,4.720784112,,0.389181663,,,0.263090949,,,0.793965425,,2.39953883,2.378253739,,,,0.380101747,7.123379372,,,,,,0.84200868,0.482527114,,,0.609044203,,0.321829053,0.363963038,,0.64394906,0.836726402,,1.208225134,1.230911389,4.55129806,,3.781757201,,,0.586067668,,0.368415281,0.208631954,0.490248852,,,,,0.286502491,,,,4.507556984,3.385361862,,,2.554038352,,,4.240061862,0.35660371,,1.322763942,,,,,0.498397095,,,,,0.320337892,,0.504511788,0.747579215,2.039431828,5.268965745,0.277112461,0.298905214,0.66591501,0.421607584,2.238471783,,2.368436852,2.175587546,1.491030141,2.964208218,,0.363740746,,0.452817731,,1.336040264,0.63488744,,,7.656112744,,,,0.892060952,,,1.14743331,,,12.64856042,,,,,0.523720393,,,0.844477167,,,,,,0.925968987,,,,,,,0.180489736,0.672474777,0.281151929,,,0.303426939,4.613210547,,,2.70810286,,0.52596756,,0.630482961,,,,,3.600382719,0.117869108,0.284561568,,1.239310543,,0.569184257,0.663552698,0.444034233,,2.784356121,0.798835181,,10.17119407,,2.295751696,,,,,,,,,,,,,1.092153169,0.292260149,,,,,,1.711835841,3.343354494,,,,,2.079134844,,1.481228562,0.315788557,0.457205253,,,,4.773811403,2.998005183,0.291799356,,,0.513446962,0.388055588,,0.327544814,,,,2.65914276,0.349996639,0.642865318,,,,,,3.405786737,3.880650174,8.163603792,0.84594241,,,,,1.804015597,,,,0.304556432,,,,0.151190875,,0.864603805,1.017219266,,,,,,,,,,,,,,,,,
1974,,,,0.777651029,0.334268952,,,0.651734665,,,1.415105561,,,4.294161626,2.730437326,,,9.053194672,0.094322004,,,4.617498595,,0.388698013,,,0.274975782,,,0.825415914,,3.957877618,2.463244052,,,,0.379824719,7.100548006,,,,,,0.822536822,0.484814232,,,0.630597152,,0.321465711,0.35995095,,0.618024946,0.808590201,,1.260961652,0.924520931,4.193165332,,3.489606459,,,0.601001354,,0.438472131,0.228657276,0.489373287,,,,,0.286452177,,,,4.383848118,3.253088122,,,2.710517651,,,4.158271626,0.364540812,,1.256348735,,,,,0.49871434,,,,,0.327912363,,0.497587052,0.805491209,2.101207113,5.132197074,0.282051276,0.302310605,0.770312736,0.443849678,2.26808988,,1.732933373,2.212206692,1.375000927,2.924245711,,0.371475732,,0.453129864,,1.365162261,0.676665435,,,6.865926998,,,,0.897616888,,,1.226382411,,,13.02388959,,,,,0.57916844,,,0.775463913,,,,,,0.956519048,,,,,,,0.194987073,0.651166807,0.285659539,,,0.302431315,4.501352597,,,2.958180706,,0.533650949,,0.632605113,,,,,3.572975451,0.174068883,0.29228428,,1.192723125,,0.551103467,0.68287857,0.432764645,,2.882196387,0.824361219,,8.087444977,,2.285599718,,,,,,,,,,,,,1.161774286,0.29133528,,,,,,1.795817937,3.464066088,,,,,2.108289059,,1.589969551,0.29566486,0.448099208,,,,4.510443011,2.783514537,0.362710548,,,0.495449142,0.385793906,,0.320312705,,,,2.675575451,0.382428525,0.650740232,,,,,,2.957242079,3.734841652,7.90958648,0.832573001,,,,,2.026548412,,,,0.278937108,,,,0.122230689,,0.871613667,0.996007678,,,,,,,,,,,,,,,,,
1975,,,,0.828228162,0.344826805,,,0.62086091,,,1.378449703,,,4.345871446,2.654848729,,,8.042374415,0.095307968,,,4.317935658,,0.390794216,,,0.310979001,,,0.842017765,,4.72787126,2.66545943,,,,0.387298757,7.150106812,,,,,,0.732541214,0.525640701,,,0.644204435,,0.320406646,0.355702656,,0.638269397,0.785617627,,1.276343226,0.868963469,4.341517325,,3.453207222,,,0.598593246,,0.472871301,0.244640705,0.534131596,,,,,0.286122161,,,,4.181810657,3.058462982,,,2.179212216,,,3.984974239,0.36881833,,1.298204363,,,,,0.535011104,,,,,0.333465535,,0.496326848,0.813399229,2.173637556,5.071635341,0.285694383,0.306742209,0.812457489,0.517276404,2.083994921,,2.032764399,2.106078748,1.332213115,2.725159326,,0.41621105,,0.447455516,,1.384954252,0.693267708,,,6.149504675,,,,0.782412254,,,1.486120843,,,10.5049812,,,,,0.596706695,,,0.687987719,,,,,,0.982261136,,,,,,,0.19785247,0.628993543,0.283797377,,,0.301011234,4.318727735,,,2.838947488,,0.533796956,,0.640721402,,,,,3.642367092,0.265927555,0.296939719,,0.983835957,,0.526010007,0.683778412,0.446100045,,3.029409265,0.845362441,,12.78630516,,2.432810251,,,,,,,,,,,,,1.193921334,0.290040029,,,,,,1.640198409,3.539879365,,,,,2.182605508,,1.618020826,0.304456061,0.435843797,,,,4.764499013,2.710772924,0.404566759,,,0.480098248,0.408984272,,0.326698181,,,,2.301558471,0.387323828,0.675906583,,,,,,3.631105755,3.545817134,7.656263579,0.864201166,,,,,1.98244226,,,,0.289554216,,,,0.103262459,,0.796384882,0.958904973,,,,,,,,,,,,,,,,,
1976,,,,0.892470016,0.381264008,,,0.598126556,,,1.403645704,,,4.405702986,2.86697592,,,9.635497529,0.099303448,,,4.622233118,,0.369877709,,,0.332533843,,,0.862577282,,5.981257046,2.780331763,,,,0.381595711,7.272550047,,,,,,0.764469644,0.534961811,,,0.654648449,,0.315957648,0.378308491,,0.625677408,0.77345713,,1.323513355,0.998214951,4.437675558,,3.745561839,,,0.603624243,,0.50762394,0.278488592,0.603665694,,,,,0.289009042,,,,4.459859609,3.247481813,,,2.035765173,,,4.314581637,0.361945078,,1.386100466,,,,,0.558036034,,,,,0.346931362,,0.500726581,0.894146082,2.312371157,5.085581002,0.290521563,0.313001518,0.897260657,0.620276785,2.110191937,,1.832148033,2.264057187,1.193470136,2.876800853,,0.516091576,,0.452199781,,1.446303836,0.758589835,,,6.297876592,,,,0.831775765,,,1.292369086,,,10.66856744,,,,,0.633036123,,,0.778166227,,,,,,1.021530075,,,,,,,0.212185173,0.603776667,0.287705478,,,0.299363196,4.742979854,,,2.996652307,,0.553065347,,0.6533181,,,,,3.951896749,0.399359614,0.291504675,,0.943475939,,0.545500648,0.67579881,0.454543226,,3.157942008,0.872349374,,9.055898601,,2.594392518,,,,,,,,,,,,,1.310939094,0.288742722,,,,,,1.693468818,3.631260796,,,,,2.209712391,,1.717313212,0.301560254,0.423008178,,,,5.151251367,2.821012886,0.443247003,,,0.469824567,0.433454688,,0.320319161,,,,2.528652554,0.403733594,0.719879721,,,,,,3.941217829,3.616975534,8.100562222,0.873488744,,,,,1.984799536,,,,0.253938415,,,,0.122214568,,0.857728722,0.979879034,,,,,,,,,,,,,,,,,
1977,,,,0.925698936,0.413363802,,,0.574407281,,,1.420289327,,,4.671195674,2.797421922,,,8.232644358,0.099095669,,,4.58952441,,0.373613022,,,0.347215671,,,0.871375889,,6.213063315,2.954266739,,,,0.396198848,7.409530005,,,,,,0.781324151,0.574470627,,,0.658766446,,0.316265561,0.349610686,,0.672881779,0.73775769,,1.423088225,1.074127654,4.712894636,,3.83010381,,,0.60297504,,0.582623528,0.297480602,0.610367485,,,,,0.292716046,,,,4.516248068,3.17263814,,,2.161431306,,,4.336087404,0.377777262,,1.469549429,,,,,0.577456344,,,,,0.350473673,,0.513576522,0.997775596,2.428535379,5.602870166,0.291617517,0.339597815,0.973811829,0.622117298,2.203821522,,1.786487683,2.204179807,1.153486504,2.899904218,,0.508837733,,0.45727495,,1.50293469,0.866268648,,,6.439309374,,,,0.648686616,,,1.541074997,,,10.27855755,,,,,0.625352576,,,0.822865427,,,,,,1.074244831,,,,,,,0.231784438,0.596853953,0.287432826,,,0.299850741,4.560275213,,,3.124995513,,0.587930417,,0.666295404,,,,,4.049640322,0.746175734,0.295198423,,0.906068401,,0.578220222,0.681640364,0.460497259,,3.251810643,0.845368945,,9.750127314,,2.735439116,,,,,,,,,,,,,1.384785946,0.288932771,,,,,,1.763457634,3.780589447,,,,,2.208549179,,1.667646016,0.293839047,0.422432617,,,,5.054833764,2.877792909,0.476839998,,,0.455472978,0.450823199,,0.333060516,,,,2.830489467,0.427302716,0.772854305,,,,,,5.667802794,3.695383871,8.285570898,0.869066167,,,,,2.055502082,,,,0.257871436,,,,0.128201963,,0.815530036,0.921572072,,,,,,,,,,,,,,,,,
1978,,,,1.012379977,0.492853291,,,0.614731027,,,1.424761073,,,4.629618471,2.893022299,,,7.886303384,0.099600202,,,4.827136834,,0.378566464,,,0.367628915,,,0.905325217,,5.588957889,3.084452042,,,,0.396965527,7.538842944,,,,,,0.798210147,0.617523435,,,0.641135876,,0.315481955,0.352828238,,0.697172933,0.724512557,,1.493648783,1.123291842,4.425816273,,3.894637761,,,0.603932584,,0.583298917,0.300949201,0.634012631,,,,,0.298404854,,,,4.664523176,3.369234971,,,2.389098828,,,4.483880847,0.370723376,,1.525443536,,,,,0.577336513,,,,,0.358120661,,0.51044183,1.078838565,2.673598493,5.710710084,0.28590344,0.355030157,0.913046569,0.686947631,2.178720976,,1.849399187,2.247565517,1.186728667,2.898338814,,0.601133874,,0.453802211,,1.593849179,0.935186778,,,6.659268211,,,,0.773690131,,,1.674527661,,,11.09600367,,,,,0.768986244,,,0.950342057,,,,,,1.169266178,,,,,,,0.238351331,0.564862929,0.285020834,,,0.299375577,4.662605278,,,3.031799308,,0.549524287,,0.676194523,,,,,4.350585204,0.526473702,0.296498421,,0.874239451,,0.628693852,0.644241862,0.455252148,,3.48840569,0.916769388,,8.526699335,,2.921299554,,,,,,,,,,,,,1.966601652,0.282850354,,,,,,2.214254036,3.929157026,,,,,2.284818008,,1.757033655,0.304493798,0.415660344,,,,5.016789117,2.995016825,0.504474226,,,0.446491887,0.458060717,,0.335405911,,,,3.355318477,0.456792646,0.753670598,,,,,,5.758604164,3.675435273,8.438403077,0.884164093,,,,,2.127648802,,,,0.258687631,,,,0.130675871,,0.794375221,0.886556208,,,,,,,,,,,,,,,,,
1979,,,,0.86462949,0.604403908,,,0.605147866,,,1.483555061,,,4.683853176,3.138916143,,,8.861100358,0.100530865,,,4.97668551,,0.375203907,,,0.395560514,,,0.940270358,,5.6130469,3.200498984,,,,0.399621255,7.837769659,,,,,,0.832520458,0.619451902,,,0.611851686,,0.319710128,0.342492826,,0.694944024,0.688107158,,1.52522215,1.207986708,4.702689408,,4.020036542,,,0.613105628,,0.595479344,0.32335066,0.607384227,,,,,0.302851643,,,,4.963535508,3.495777617,,,2.056745158,,,4.685296728,0.366589331,,1.597925925,,,,,0.597863854,,,,,0.36453542,,0.511309154,0.918385297,2.637640983,6.515059694,0.292345758,0.363059977,1.000053065,0.793780616,2.534338644,,2.005813524,2.340042035,1.214385556,3.044052844,,0.594247544,,0.45286249,,1.683557279,1.06320203,,,7.965985033,,,,0.834750948,,,1.795764899,,,10.45811286,,,,,0.878477112,,,0.907525962,,,,,,1.250375864,,,,,,,0.250839188,0.552432152,0.284649918,,,0.302180016,4.868635594,,,2.834458025,,0.459514644,,0.68287035,,,,,4.45771669,0.755179854,0.303024914,,0.90715673,,0.620897711,0.625474459,0.468898458,,3.565330051,0.998160696,,13.85458839,,2.882334152,,,,,,,,,,,,,2.435675244,0.288698698,,,,,,2.130395554,3.967238128,,,,,2.308239187,,1.768328553,0.309983969,0.406487487,,,,5.22960754,3.042179155,0.632860816,,,0.436863432,0.473481394,,0.340721889,,,,3.424562263,0.48286241,0.701190273,,,,,,6.005157363,3.858975965,8.327041705,0.93781587,,,,,2.170237883,,,,0.261806638,,,,0.128001686,,0.772852401,0.872983238,,,,,,,,,,,,,,,,,
1980,,,,1.149836035,0.595847824,,,0.597382312,,,1.486605863,,,4.737482031,3.06701192,,,7.836843531,0.1042162,,,4.743575013,,0.374607611,,,0.456689202,,,0.935434224,,7.134949815,3.203610097,,,,0.401270203,7.831853698,,,,,,0.847887751,0.609782906,,,0.658879402,,0.313341098,0.344647261,,0.651631322,0.655243598,,1.526950621,1.261322227,4.556294899,,3.735144086,,,0.59278808,,0.632361839,0.337271898,0.540981899,,,,,0.305754835,,,,5.146642299,3.476236941,,,2.012839838,,,4.562295973,0.368358836,,1.553781616,,,,,0.538956246,,,,,0.366216394,,0.515625034,0.914008216,2.647043979,6.560998168,0.293053413,0.369392645,0.986821473,0.700469567,2.413156353,,2.017273079,2.3184273,1.068191749,2.950135346,,0.697984869,,0.452311896,,1.761249329,1.080976996,,,7.590135683,,,,0.885089947,,,2.249582109,,,9.774650556,,,,,0.86039653,,,1.005122456,,,,,,1.382964662,,,,,,,0.248888123,0.553296319,0.286696649,,,0.303200482,4.548824789,,,2.886324007,,0.472936503,,0.694433827,,,,,4.483164367,0.973342916,0.308450395,,0.720256074,,0.652507788,0.651232915,0.476071024,,3.559325746,1.022463649,,15.02060976,,2.932527293,,,,,,,,,,,,,3.173037936,0.28829956,,,,,,2.125918393,3.985806099,,,,,2.370988541,,1.80810483,0.307505187,0.416779475,,,,4.871583657,3.170575472,0.501337949,,,0.428937788,0.463369825,,0.332903374,,,,3.550318123,0.511895207,0.712947217,,,,,,7.116593914,3.523648842,7.942253018,0.90689382,,,,,2.367342293,,,,0.268004395,,,,0.160077305,,0.778859998,0.890694006,,,,,,,,,,,,,,,,,
1981,,,,0.989572955,0.626760512,,,0.581165776,,,1.429765411,,,4.694676425,2.897009398,,,8.340676855,0.103441517,,,4.415362154,,0.364085017,,,0.469020887,,0.751243357,0.876676568,,6.650792757,3.185509537,,,,0.409139397,7.542270683,,,,,,0.848491097,0.597516017,,,0.652561054,,0.319668715,0.344996379,,0.600231179,0.616189513,,1.52532076,1.231936918,4.567884794,,3.38143445,,,0.599398087,,0.643008001,0.383769537,0.575481973,,,,,0.307475378,,,,4.934588468,3.378547948,,,2.191902954,,,4.399499823,0.374310544,,1.505279387,,,,,0.511456421,,,,,0.297981607,,0.496994868,0.993180345,2.629960675,7.178869364,0.301499947,0.380041354,1.07126829,0.677604572,2.392953953,,1.840735339,2.26593109,1.07388429,2.864277438,,0.836195395,,0.447770521,,1.780720835,1.045088371,,,7.121508696,,,,0.839769433,,,2.303848988,,,8.526037374,,,,,0.898258935,,,1.12951201,,,,,,1.444208958,,,,,,,0.241781983,0.526743534,0.285080715,,,0.301215362,4.26941412,,,2.8499856,,0.47099005,,0.706945707,,,,,4.406451493,0.784120276,0.318023252,,0.754727736,,0.632839844,0.639251475,0.465419884,,3.245311549,1.006494127,,16.28515097,,2.888797091,,,,,,,,,,,,,4.052192675,0.278783682,,,,,,2.124714962,3.87434035,,,,,2.545501513,,1.820975822,0.311513639,0.407030279,,,,5.097154343,3.093323276,0.578286906,,,0.421607918,0.458925018,,0.329270549,,,,3.704751852,0.514368738,0.702610799,,,,,,8.122514886,3.416199669,7.647538054,0.868315051,,,,,2.428922403,,,,0.266332483,,,,0.151623427,,0.765090672,0.8696516,,,,,,,,,,,,,,,,,
1982,,,,0.969010207,0.789838526,,,0.553082153,,,1.41625282,,,4.817489524,2.830221781,,,9.122196021,0.106354607,,,4.207902395,,0.366528604,,,0.482725127,,0.760872837,0.870866155,,6.945261077,3.309206425,,,,0.415863894,7.160591064,,,,,,0.76597277,0.607133384,,,0.656345868,,0.311496281,0.355743893,,0.570343917,0.579150368,,1.54001458,1.247662592,4.633321396,,3.422374805,,,0.598320912,,0.675678094,0.410346433,0.5857287,,,,,0.306052429,,,,4.805493882,3.279196722,,,2.190144783,,,4.257864407,0.372281807,,1.537277697,,,,,0.490223019,,,,,0.301713182,,0.521688573,1.080652864,2.630769877,7.076207988,0.306403081,0.380869245,1.207271224,0.686775077,2.356894257,,1.958317043,2.206542734,1.040311804,2.840614442,,0.913835469,,0.439076801,,1.829789376,1.094247877,,,7.571582939,,,,0.631670502,,,2.378348253,,,8.057809999,,,,,0.886071776,,,1.2558101,,,,,,1.48053148,,,,,,,0.245326953,0.514757528,0.285410424,,,0.302286813,3.785115936,,,3.012971389,,0.465727321,,0.722576636,,,,,4.254671262,1.124293118,0.326632801,,0.810194513,,0.627128336,0.635283355,0.464594624,,3.412507883,1.119204631,,17.05870705,,2.876733331,,,,,,,,,,,,,4.261084054,0.26864675,,,,,,1.986686437,3.756584985,,,,,2.699728454,,1.762404545,0.322003685,0.411262335,,,,4.877774432,2.984223263,0.669812173,,,0.414658469,0.455018531,,0.335241304,,,,3.6584892,0.493048607,0.729498015,,,,,,8.353555925,3.398239425,7.259078899,0.766444822,,,,,2.360786758,,,,0.2711628,,,,0.171244679,,0.758742272,0.84256224,,,,,,,,,,,,,,,,,
1983,,,,1.004458481,0.826135168,,,0.548386291,,,1.419373415,,,4.561426052,2.843405568,,,8.55228788,0.106039652,,,4.156368309,,0.366529767,,,0.448348233,,0.742586298,0.872396775,,7.129261981,3.370132324,,,,0.418549419,7.052768188,,,,,,0.779327859,0.622256452,,,0.663055333,,0.322848256,0.384178979,,0.545209819,0.537262618,,1.614249045,1.290385596,4.645879117,,3.2331601,,,0.648503603,,0.613387955,0.444004871,0.555283396,,,,,0.305472487,,,,4.823858831,3.346065952,,,2.184250506,,,4.26826347,0.304953635,,1.599084032,,,,,0.462121427,,,,,0.303141089,,0.49619892,1.153427999,2.594833716,7.254286281,0.309456448,0.379461412,0.99306111,0.806825023,2.336185267,,1.793922046,2.203864188,0.893238576,2.823857839,,0.953383612,,0.430257218,,1.865099455,1.169811526,,,7.686309498,,,,0.678638271,,,2.380153104,,,7.576207121,,,,,1.000850019,,,0.94509022,,,,,,1.366684796,,,,,,,0.250648725,0.49898014,0.283577332,,,0.304908102,3.935956879,,,3.076830244,,0.471506834,,0.725307308,,,,,4.419380288,0.980946674,0.331922182,,0.842385533,,0.622480736,0.570546923,0.491533824,,3.350915465,1.117913127,,15.57661267,,2.890319977,,,,,,,,,,,,,4.379392523,0.261712789,,,,,,2.195940321,3.76953168,,,,,2.679379628,,1.78376648,0.318984303,0.410762018,,,,4.941260168,3.173307578,0.741730877,,,0.41011998,0.410088566,,0.315670711,,,,3.72351376,0.54615608,0.754578971,,,,,,7.653333837,3.378275975,7.19930457,0.705096485,,,,,2.461387002,,,,0.27512743,,,,0.174109122,,0.747811666,0.830054247,,,,,,,,,,,,,,,,,
1984,,,,1.022991667,0.793207226,,,0.535443989,,,1.449148877,,,4.651519236,2.95368815,,,8.880986787,0.104744473,,,4.335818475,,0.365284548,,,0.437740275,,0.731353795,0.908201764,,7.982864011,3.387274223,,,,0.419971646,7.342138316,,,,,,0.806580497,0.651354276,,,0.670614708,,0.329972838,0.362059255,,0.607973936,0.51323799,,1.572682872,1.327093562,4.740471953,,3.353461203,,,0.675512579,,0.644336884,0.480419794,0.559286928,,,,,0.30288423,,,,4.910523018,3.446327675,,,1.971777531,,,4.446684875,0.314877961,,1.652821737,,,,,0.476480858,,,,,0.298844035,,0.492298354,1.155613665,2.697030257,7.531269963,0.31572403,0.386035483,1.112308115,0.803507772,2.346151919,,1.828539072,2.253718924,0.879950436,3.017806162,,1.009418803,,0.438497866,,1.878643758,1.266432857,,,7.59032411,,,,0.687199447,,,2.475919746,,,8.112675479,,,,,1.002311906,,,1.245235078,,,,,,1.400088299,,,,,,,0.252016241,0.484519851,0.288237796,,,0.305280779,4.147701528,,,3.251076198,,0.513428843,,0.710702464,,,,,4.663362156,1.531665447,0.3320974,,0.760592461,,0.615656095,0.571151323,0.430044658,,3.211684144,1.115894269,,15.92342293,,2.856939637,,,,,,,,,,,,,3.64408634,0.267564634,,,,,,2.455683016,3.933968872,,,,,2.832522568,,1.815877916,0.324694802,0.39699937,,,,5.21625146,3.239369965,0.82502704,,,0.405300671,0.444297615,,0.316723826,,,,4.138295279,0.567394611,0.767442967,,,,,,9.442020782,3.366687721,7.443204758,0.673079996,,,,,2.357243111,,,,0.273410517,,,,0.175273784,,0.734249292,0.811880668,,,,,,,,,,,,,,,,,
1985,,,,0.918775339,0.803142124,,,0.550458096,,,1.361948314,,,4.621420866,3.051597062,,,9.975911966,0.107816277,,,4.473473744,,0.372608314,,,0.423016938,,0.748467834,0.949421199,,8.136229171,3.419767677,,,,0.423783577,7.439592861,,,,,,0.791483763,0.658779644,,,0.666509344,,0.320609424,0.366839616,,0.619808171,0.501452763,,1.55113526,1.30665348,4.763049333,,3.774112085,,,0.561941312,,0.63532441,0.507645882,0.525300407,,,,,0.301468197,,,,5.269892371,3.594936023,,,1.711587156,,,4.598141301,0.338114732,,1.766753269,,,,,0.473932207,,,,,0.294259141,,0.473558108,1.204836516,2.795702542,7.334901928,0.324781048,0.391590553,1.156934471,0.880523378,2.438732341,,1.788996693,2.284811298,0.746159837,3.005305456,,0.989943646,,0.440914797,,1.92293966,1.311768931,,,8.051696159,,,,0.807065096,,,2.591647464,,,8.346926421,,,,,0.982871505,,,1.023899397,,,,,,1.425703609,,,,1.625320223,,,0.250423017,0.477448922,0.3042312,,,0.300871114,4.184429814,,,3.448328355,,0.524461359,,0.715704712,,,,,4.806171969,1.371716036,0.338090798,,0.713891479,,0.610434329,0.543680558,0.439601232,,3.351927866,1.093858572,,14.74644979,,2.853794833,,,,,,,,,,,,,3.47896782,0.250417376,,,,,,2.472929459,4.016907773,,,,,2.759691011,,1.845711309,0.315343012,0.40218924,,,,5.656187151,3.412391109,0.740507434,,,0.401292733,0.472750412,,0.311969942,,,,4.341031861,0.573265712,0.795869625,,,,,,10.16781468,3.550556878,7.456586961,0.66355738,,,,,2.272590493,,,,0.271225488,,,,0.178033289,,0.726132761,0.836293696,,,,,,,,,,,,,,,,,
1986,,,,0.960445613,0.881078881,,,0.541449174,,,1.424090935,,,4.620451793,3.061588862,,,8.248992097,0.11234609,,,4.633872966,,0.36603736,,,0.391277432,,0.794138109,0.973789718,,7.237571464,3.450941716,,,,0.417596402,7.492587391,,,,,,0.813324641,0.671632117,,,0.71049916,,0.317604033,0.350905574,,0.614918625,0.510185367,,1.533974764,1.460298766,4.838664342,,3.823479934,,,0.573448754,,0.616803227,0.509322091,0.450414372,,,,,0.302368108,,,,5.482578423,3.630391546,,,1.690755352,,,4.589229312,0.341255107,,1.673819251,,,,,0.444480752,,,,,0.223833224,,0.471599095,1.368983999,2.78691742,7.60556378,0.329539681,0.423517285,1.122136499,0.969298942,2.504319587,,2.102245871,2.311548072,0.750163541,3.020722624,,1.023250729,,0.463218781,,1.86312163,1.485553953,,,8.27331616,,,,0.894594515,,,2.539747049,,,8.163548751,,,,,1.060580996,,,1.678113884,,,,,,1.359270893,,,,1.703091103,,,0.252512457,0.470722166,0.304872607,,,0.303702098,4.317315591,,,3.464096048,,0.517394812,,0.705737216,,,,,5.015464969,1.237920626,0.34116622,,0.709680927,,0.618061896,0.541390495,0.427825611,,3.464259898,1.20847428,,14.37661966,,2.917175917,,,,,,,,,,,,,3.314448061,0.254359321,,,,,,2.62684925,3.981140151,,,,,2.801219776,,1.878164426,0.320021579,0.397595679,,,,5.878787368,3.54452206,0.736520488,,,0.398719334,0.48716884,,0.329457641,,,,4.490340182,0.547794911,0.840548068,,,,,,10.90733055,3.598244299,7.375988619,0.680322237,,,,,2.310898186,,,,0.277652376,,,,0.185419139,,0.71691682,0.852180213,,,,,,,,,,,,,,,,,
1987,,,,0.912220408,0.846100792,,,0.540593253,,,1.479741939,,,4.764945062,3.174745392,,,7.880526828,0.107639571,,,4.728503296,,0.361183538,,,0.354632898,,0.765575805,0.992034343,,7.220750971,3.411073395,,,,0.412975373,7.64168791,,,,,,0.825505614,0.694776708,,,0.71951621,,0.320836319,0.347340894,,0.63304725,0.491000852,,1.580195139,1.635431843,4.976938855,,3.819829593,,,0.634789312,,0.614599077,0.529550981,0.496372535,,,,,0.304752363,,,,5.960692586,3.699358866,,,1.582311266,,,4.616370276,0.359628273,,1.791805188,,,,,0.460814936,,,,,0.22579837,,0.482685421,1.46664234,2.894201979,7.857454883,0.33497257,0.429120431,1.103579366,0.937547607,2.607889082,,2.278479286,2.407256353,0.765462861,3.044226716,,1.046185875,,0.46544142,,1.768856498,1.587194444,,,8.530938164,,,,0.923472794,,,2.70218342,,,7.942948078,,,,,1.045901192,,,1.750653875,,,,,,1.400201402,,,,1.745193222,,,0.253132806,0.46664214,0.287989788,,,0.302147438,4.387670689,,,3.452525654,,0.51055188,,0.712021128,,,,,5.037641647,1.371608057,0.362847686,,0.746570136,,0.693777077,0.543665973,0.435395026,,3.535509316,1.241195665,,13.95575373,,3.027565216,,,,,,,,,,,,,3.795774888,0.263074873,,,,,,2.753471351,4.076373391,,,,,2.831147544,,1.919341707,0.327412508,0.38223817,,,,5.763456137,3.430855513,0.793941995,,,0.393952331,0.527957221,,0.337779706,,,,4.192561496,0.542645143,0.913586658,,,,,,11.40571948,3.618732088,7.622227575,0.71868591,,,,,2.248208218,,,,0.286657215,,,,0.211572776,,0.711731334,0.897829929,,,,,,,,,,,,,,,,,
1988,,,,0.912529649,0.869549986,,,0.548945374,,,1.508437105,,,4.770742248,3.204562182,,,8.821558081,0.115178319,,,4.771276323,,0.360398483,,,0.362421446,,0.873450789,0.986818647,,5.730618325,3.488292754,,,,0.413672798,7.855536271,,,,,,0.918669305,0.721109457,,,0.726331069,,0.322524733,0.325585671,,0.621988325,0.470472156,,1.640942073,1.642095173,4.874748486,,3.642003651,,,0.587547348,,0.630017305,0.530015439,0.457306923,,,,,0.30461231,,,,5.590436514,3.662878463,,,1.652666418,,,4.629264479,0.342558332,,1.902903093,,,,,0.46875485,,,,,0.228652684,,0.491126608,1.63967997,2.86447433,7.882473773,0.345484934,0.432799916,1.089840976,1.102697949,2.59347809,,2.451745835,2.462796778,0.778709048,3.242641025,,1.000947422,,0.460635609,,1.776058608,1.766665873,,,9.947593047,,,,0.686161451,,,2.503723572,,,8.158433525,,,,,1.066874623,,,1.871376952,,,,,,1.388570385,,,,1.808398433,,,0.261073248,0.462061318,0.28008224,,,0.301960848,4.32110053,,,3.608798806,,0.489369227,,0.714062427,,,,,4.807193416,1.275998632,0.368273119,,0.680488652,,0.721638283,0.523200399,0.448523102,,3.496989979,1.299585114,,13.91204303,,3.033684681,,,,,,,,,,,,,4.178965976,0.242728784,,,,,,2.977146873,4.107745102,,,,,2.876230913,,2.067904749,0.327580035,0.397112543,,,,5.85441823,3.436875833,0.7977222,,,0.389106736,0.591108309,,0.334578551,,,,4.572440278,0.557509471,0.905048326,,,,,,11.01235371,3.643257143,7.849967652,0.76558211,,,,,2.128379662,,,,0.282415061,,,,0.216817823,,0.729489493,0.878731079,,,,,,,,,,,,,,,,,
1989,,,,0.88867884,0.84009413,,,0.547061462,,,1.444903254,,,4.998047328,3.138983488,,,8.714649735,0.117823503,,,4.798693198,,0.35207709,,,0.377473201,,0.905548101,0.988767198,,6.453074513,3.426942205,,,,0.416552404,7.934115015,,,,,,1.012067223,0.72480207,,,0.717732778,,0.319894532,0.330872008,,0.650331291,0.457874357,,1.777097036,1.67575689,4.736513939,,3.414251156,,,0.562127543,,0.585406721,0.552308356,0.462643102,,,,,0.305650821,,,,5.753639283,3.793418982,,,1.411168128,,,4.514858952,0.359558743,,2.093114246,,,,,0.474037569,,,,,0.228159728,,0.496929694,1.655330449,2.875389905,7.983037508,0.35471533,0.449286297,1.239941132,1.169543106,2.655035917,,2.488923417,2.566108925,0.97013769,3.35067434,,0.972510144,,0.461276762,,1.743954407,1.861914653,,,11.3100108,,,,0.675578122,,,2.802682643,,,8.699936356,,,,,1.135303179,,,1.9832688,,,,,,1.421594396,,,,1.672867348,,,0.279581219,0.455751116,0.282926223,,,0.298725738,4.32385818,,,3.846738603,,0.506629716,,0.719721884,,,,,4.972577309,1.427488644,0.378097831,,0.629468177,,0.76509737,0.472754652,0.459616038,,3.259234553,1.575754523,,13.60788479,,2.987040021,,,,,,,,,,,,,4.030800406,0.234065049,,,,,,2.892426134,4.084868446,,,,,2.693537555,,2.271750985,0.32419364,0.388060433,,,,5.594546969,3.339083472,0.777183357,,,0.385534977,0.650553372,,0.335435007,,,,4.415062147,0.548438447,0.922806897,,,,,,11.98596914,3.626220158,7.889996548,0.780540201,,,,,2.116474419,,,,0.269610507,,,,0.213376482,,0.709820921,0.870441081,,,,,,,,,,,,,,,,,
1990,,,,0.812500627,0.877179982,,,0.569242999,,1.588815665,1.41146652,2.171313752,,5.052769688,3.235539246,3.652533734,2.519511116,8.825513146,0.120996407,1.240797993,4.470353617,4.844185819,0.562,0.348055168,,0.100223721,0.392071172,1.628893943,0.912328167,0.937061203,,6.990238969,3.276160494,,,,0.408909286,7.50395736,0.083426312,,,,,1.062294067,0.768261231,,,0.729523562,0.040757611,0.324074706,0.324693939,,0.660337303,0.429012209,1.881560879,1.673461599,1.774998924,4.797088845,,3.377480456,0.23129817,0.29850258,0.569950989,,0.586828122,0.56881457,0.46292596,,,,6.315931184,0.307579102,,,0.39238073,5.691571186,3.84190934,,,1.271635143,0.06395636,2.585594752,4.420645095,0.357661365,,2.110934614,,0.441521798,,,0.494910699,,,0.073409052,0.527065169,0.219017395,,0.486689229,1.517708125,2.772046488,8.195710014,0.36249542,0.534986692,1.263639772,1.083237841,2.842244422,,2.46252382,2.583888077,1.166361088,3.556223787,,1.032810095,4.492853071,0.45528274,0.099,1.649292079,2.171428935,,,4.363757115,1.704814629,,2.957787598,0.66270301,,,2.614033724,,4.344582429,8.931858059,,1.29844717,,,1.183458639,0.231904189,,1.961642714,,,,0.453238885,,1.452943578,,2.669418561,,1.558187647,,,0.280099213,0.437144517,0.271960078,,,0.303398595,4.393203696,,,3.864616794,,0.507831859,,0.723534553,,,,,4.951709465,2.258014887,0.381492319,4.868624561,0.617104166,,0.723893342,0.44888282,0.464331275,,2.705391456,1.676744412,,13.01972043,,2.681796892,5.928792747,,,,0.514,0.417,,0.273933699,,0.268036551,,0.202,3.702785225,0.232877028,2.5504855,,,0.537,,3.779059403,4.024666048,2.857564531,0.172236994,,,2.583979091,,2.318760755,0.324195239,0.40119726,1.366475898,,0.357842052,5.514550053,3.62140603,0.849173036,,1.000867032,0.381998823,0.734929359,,0.344628809,,0.266374819,,4.925870469,0.606564309,0.974612577,4.788931298,,,,4.851537963,11.2924874,3.597006728,7.671554039,0.724047818,,2.260605119,,0.158992635,2.216448304,,,,0.270629144,,,,0.21036157,,0.686915215,0.888058612,,,,,,,,,,,,,,,,,
1991,,,,0.568290197,0.905415888,,,0.565451027,,,1.434960601,2.309840888,,4.926835339,3.409948251,3.347853253,,7.976403485,0.116511476,,4.348462625,5.055900423,,0.341840227,,,0.394957523,1.519336811,0.90115695,0.939150434,,7.706786399,2.558563486,,,,0.401373546,7.388958113,,,,,,1.066699828,0.744067163,,,0.723390398,,0.318105335,0.32468302,,0.67192436,0.415967165,1.615707539,1.382711723,1.77328844,4.346515203,,3.735077599,,,0.562187442,,0.604546168,0.558547494,0.501421969,,,,5.775853544,0.306895449,,,,5.742784229,4.040528842,,,1.271269894,,2.079052503,4.302553334,0.359821776,,2.107633441,,,,,0.504872366,,,,,0.214254702,,0.477518196,1.545338839,2.647693331,7.954343922,0.369417646,0.551896594,1.370829179,0.87723024,2.833828537,,2.326412002,2.645673237,1.161594442,3.58357464,,0.954593794,4.555897511,0.448389875,,1.549080776,2.309832717,,,1.325256868,1.520614526,,2.796887173,0.799168292,,,3.068814318,,4.602068122,9.412090439,,1.262872288,,,1.408215911,,,1.878080212,,,,,,1.490223937,,2.21919428,,1.717347513,,,0.289795237,0.425053986,0.263485932,0.426335363,,0.305647082,4.602643645,,,3.770988241,,0.512132227,,0.738498905,,,,,5.090342847,2.999851056,0.384164589,,0.652265151,,0.728514438,0.431642028,0.452715539,,2.640924392,1.700052709,,14.21361658,,2.230898883,5.861248526,,,,,,,,,,,,4.175001638,0.224297926,2.169582376,,,,,4.156648592,3.606582437,2.77895039,,,,2.643266111,,2.399638394,0.324298083,0.39060986,,,,5.650773931,3.628017767,0.898502252,,0.935769365,0.377208053,0.789235508,,0.345229004,,,,4.860734844,0.588866461,0.945887387,4.046795499,,,,4.852686875,12.29906399,3.708110909,7.631521363,0.779642558,,2.294662276,,,2.260893004,,,,0.269302345,,,,0.243922721,,0.689750163,0.916923601,,,,,,,,,,,,,,,,,
1992,,,,0.415738313,0.908458286,,,0.550548264,,,1.489450708,1.193328869,,4.957523692,3.240361682,2.800997291,,8.319860072,0.120235439,,3.620727682,5.092946771,,0.338327459,,,0.40871671,1.131637759,1.008784756,0.93398501,,8.04994865,2.409947514,,,,0.394632613,7.480140597,,,,,,1.132508303,0.759688825,,,0.726025376,,0.31078555,0.316802344,,0.816967864,0.420672288,1.500761074,1.211208298,1.95712539,4.220820219,,3.562086062,,,0.651704689,,0.605970697,0.562549196,0.515290837,,0.275540755,,4.285641883,0.301267393,,,,5.380993068,3.953003486,,,1.315524534,,1.776767826,4.190114635,0.362207487,,2.135932325,,,,,0.516669003,,,,,0.218015754,,0.484662116,1.840092923,2.419692052,7.792562544,0.376484944,0.566053584,1.417816278,1.260299188,2.777823366,,2.582815733,2.627338106,1.215794049,3.658666406,,1.018407179,4.796144202,0.445097122,,1.332082836,2.540155509,,,,1.102747265,,2.340157241,0.782866917,,,2.804731961,,2.979448741,9.342614904,,1.396708827,,,1.514146129,,,1.838861208,,,,,,1.47804166,,1.838611755,,1.487038054,,,0.302956697,0.416920685,0.267836424,0.443710645,,0.305460623,4.501660875,,,3.811155251,,0.518086917,,0.748530479,,,,,5.143435484,2.68308443,0.398520399,,0.732617476,,0.707188036,0.411761352,0.462378926,,2.569112854,1.807825072,,14.61358776,,2.051101583,5.351216324,,,,,,,,,,,,4.60937997,0.231435672,1.95361823,,,,,4.578052434,3.410722607,2.584050172,,,,2.41439821,,2.435018709,0.329726328,0.380455429,,,,5.369584937,3.606243829,0.835049435,,0.750709048,0.36946447,0.833441844,,0.342608456,,,,5.302319832,0.641690597,0.958422169,2.689952249,,,,4.210400808,11.0997371,3.685486079,7.677394544,0.855394839,,2.110333023,,,2.456800523,,,,0.276130875,,,,0.25328532,,0.684750483,0.92466824,,,,,,,,,,,,,,,,,
1993,,,,0.412746004,0.88795363,,,0.551688878,,,1.469434276,0.64657799,,5.160706458,3.250397533,2.328624817,,8.746281665,0.124190376,,3.076697041,4.954290927,,0.334353326,,,0.420122765,1.00790835,0.984409414,0.942659702,,7.552270466,2.601000695,,,,0.397377025,7.641687898,,,,,,1.13975192,0.794515249,,,0.745441587,,0.303726197,0.311982135,,0.709912357,0.411433993,1.488523276,1.006593464,2.054539371,4.089088085,,3.645701908,,,0.651597625,,0.54705628,0.574367711,0.534105462,,0.289593814,,3.451955254,0.286570587,,,,5.617215378,4.002691245,,,1.3467936,,1.54832339,4.121914002,0.368926594,,2.089715779,,,,,0.499028237,,,,,0.206494911,,0.482424481,1.763722759,2.483604043,8.267126742,0.377561379,0.612079868,1.503555478,1.560212121,2.818132961,,2.636863904,2.611990438,1.209753541,3.674147861,,0.964149736,4.018469396,0.441631256,,1.205428296,2.823759987,,,,0.856894414,,2.06371109,1.080464053,,,2.929871273,,2.472864512,9.346484685,,1.426394931,,,1.600050261,,,2.330470738,,,,,,1.458316318,,1.567102834,,1.379514943,,,0.309488301,0.409736115,0.262052425,0.471797209,,0.305840802,4.508459639,,,3.986439729,,0.500882357,,0.742815572,,,,,5.443251621,2.797788206,0.407951142,,0.730273747,,0.716983223,0.431405722,0.451395788,,2.624547468,1.779336246,,15.11691425,,2.002159531,5.057920455,,,,,,,,,,,,4.579612516,0.22399862,1.647422992,,,,,5.477228308,3.334794345,2.715197621,,,,2.53344892,,2.329018995,0.34328556,0.359935011,,,,5.33409378,3.484488269,0.815813377,,0.576426883,0.367058825,0.872769043,,0.337611449,,,,5.034338488,0.612499249,0.998784796,2.640175885,,,,3.7276789,11.08191812,3.712174083,7.709835526,0.792441065,,2.141769255,,,2.25124478,,,,0.294465765,,,,0.208533583,,0.670234409,0.86580657,,,,,,,,,,,,,,,,,
1994,,,,0.445773504,0.837986521,,,0.541553067,,,1.552459429,0.414996627,,5.111248614,3.229638723,2.095960774,,9.07351342,0.126988772,,2.615736482,5.225411575,,0.330220965,,,0.452763262,0.414514366,0.94486858,0.977328095,,6.885276596,2.522169418,,,,0.397494014,7.834319293,,,,,,1.204196646,0.821409994,,,0.757708657,,0.293671922,0.273984298,,0.680815589,0.400536848,1.475468172,1.025872519,2.35328026,3.960538678,,3.759519072,,,0.724018294,,0.571071289,0.544221899,0.557714758,,0.298200632,,3.660812136,0.287300636,,,,5.972554273,3.835735361,,,1.185504122,,0.963638514,4.0877159,0.373465609,,2.130124272,,,,,0.513849006,,,,,0.185955682,,0.488202326,1.777611757,2.410784315,8.208434672,0.384679355,0.603632027,1.644582315,1.719311239,2.945601392,,2.740569365,2.578472576,1.224216864,3.867606941,,0.994240659,3.612138081,0.433901814,,1.085566493,2.971523924,,,,0.618866692,,1.900662583,1.143390975,,,3.196431444,,2.222966063,8.912465099,,1.2670858,,,1.553119689,,,2.094659198,,,,,,1.480394361,,1.289187872,,1.184575921,,,0.327926488,0.399143353,0.274764101,0.498509538,,0.30890646,4.509468669,,,4.026704144,,0.497917899,,0.709184439,,,,,5.298709384,2.721226197,0.413678177,,0.752521919,,0.765212835,0.43879228,0.472616944,,2.495841983,1.82232291,,15.1184345,,1.892006634,4.428889427,,,,,,,,,,,,4.774996359,0.216245576,1.507230736,,,,,6.450552501,3.260631824,2.827922187,,,,2.564266855,,2.451655781,0.325141803,0.406388808,,,,5.6601072,3.490192807,0.8283733,,0.435473383,0.361936529,0.957665396,,0.373627475,,,,5.025605746,0.650117068,0.970446151,3.259105821,,,,3.192737046,11.66768892,3.729119361,7.757139758,0.751444689,,2.077727533,,,2.531679285,,,,0.289766465,,,,0.207796342,,0.659130486,0.842735821,,,,,,,,,,,,,,,,,
1995,,,,0.423779616,0.852033242,,,0.528613093,,,1.550329879,0.506306984,,5.121669931,3.368098348,1.659706181,,8.818158403,0.135307621,,2.427666765,5.304051836,,0.32684196,,,0.497675054,0.448422585,0.943037404,0.99548326,,7.984061544,2.752944986,,,0.253970886,0.394316651,7.861733256,,,,,,1.272910783,0.86830595,,,0.757096422,,0.296809755,0.28364449,,0.676880514,0.38201285,1.506008567,1.013968156,2.040748214,4.017612622,,3.705397838,,,0.744517679,,0.629144031,0.568262422,0.585833783,,0.310569048,,3.504607297,0.287570656,,,,5.661903876,3.973845462,,,1.244669727,,0.786953739,4.119871163,0.38073317,,2.13255247,,,,,0.531775542,,,,,0.214939152,,0.506535938,1.729977583,2.50513764,8.42159062,0.398434731,0.656053824,1.693918669,1.652619208,2.94681201,,2.798570604,2.799413408,1.292460887,3.956198312,,1.025396901,3.303267587,0.439534277,,1.009832438,3.210160069,,,9.135879664,0.522797342,,1.854830636,1.273629256,,,3.036999302,,2.40732363,7.711006424,,1.274005289,,,1.635157458,,,1.914532453,,,,,,1.406742645,,1.19373138,,1.17267059,,,0.319105932,0.394410326,0.280273354,0.535910575,,0.310800731,4.576470376,,,4.05338542,,0.504218639,,0.704813352,,,,,5.377080894,2.731220806,0.421583799,,0.744534963,,0.8186234,0.460448816,0.484308701,,2.57731748,2.015020474,,15.75859593,,2.053155953,4.297570241,,,,,,,,,,,,4.734288926,0.222823174,1.755209268,,,,,5.337158462,3.315547056,3.049386594,,,,2.647773466,,2.559005522,0.328036502,0.397434278,,,,5.70217184,3.416947948,0.853709478,,0.385268113,0.368082108,1.038120285,,0.383370228,,,,4.874918645,0.647984706,1.045536125,3.278779659,,,,3.180071292,11.78849446,3.72746442,7.763365148,0.797914067,,1.868418697,,,2.35277435,,,,0.303980582,,,,0.225592633,,0.653402629,0.842224866,,,,,,,,,,,,,,,,,
1996,,,,0.456432362,0.816117912,,,0.532422422,,,1.575621021,0.557521078,,5.40365731,3.573953668,1.517486152,,8.635985556,0.133336186,,2.501346161,5.586788816,,0.369425033,,,0.540029344,0.527950746,0.8942221,1.032483948,,7.805005586,2.74872298,,,0.258916115,0.394309561,7.95670193,,,,,,1.388590853,0.889979573,,,0.761781794,,0.297779918,0.269814648,,0.66322575,0.406123508,1.606902982,1.095880742,2.217653734,4.150402981,,4.17003067,,,0.762321274,,0.672228527,0.592960436,0.554277262,,0.320955214,,3.890793547,0.287119976,,,,6.070212094,4.18098319,,,1.278699535,,0.811547627,4.245936172,0.384059541,,2.185426923,,,,,0.534243979,,,,,0.241984247,,0.496858815,1.627403931,2.573760881,8.873655714,0.403723171,0.670260514,1.605423377,1.55315902,3.136457907,,2.803605235,2.796157444,1.346016363,4.032118606,,1.020428458,2.911344322,0.442564818,,0.877121051,3.454733048,,,8.986197578,0.595712773,,1.841863291,1.314352341,,,2.758149081,,2.629276383,7.732638059,,1.445181963,,,1.761491755,,,1.872241318,,,,,,1.415434721,,1.010164003,,0.980217763,,,0.332121966,0.390032032,0.276847607,0.558571408,,0.310468654,4.72819397,,,4.141267417,,0.510470375,,0.717274224,,,,,5.186665894,2.771265269,0.428518008,,0.779268863,,0.818745604,0.465993456,0.489861272,,2.679011567,1.99294005,,16.19221072,,2.108834147,4.264848347,,,,,,,,,,,,4.954286029,0.222287814,2.091297796,,,,,5.41225679,3.363728586,3.178709643,,,,2.653806241,,2.515801663,0.366518161,0.396750996,,,,5.824991364,3.467909529,0.879773065,,0.366573816,0.362473632,1.149081087,,0.417268787,,,,5.731535066,0.667496177,1.118913219,2.813102639,,,,2.94164246,12.64208768,3.878057746,7.844014629,0.876272311,,1.898631346,,,2.469264776,,,,0.315927263,,,,0.222095235,,0.630694228,0.824111934,,,,,,,,,,,,,,,,,
1997,,,,0.392255964,0.823003841,,,0.53320721,,,1.638880144,0.589980146,,5.470087811,3.544436707,1.43582713,,9.130508983,0.136512119,,2.505602748,5.579510757,,0.372652696,,,0.579327279,0.800565781,0.917463497,1.068571775,,7.855299515,2.505528227,,,0.257001359,0.398843473,7.965586183,,,,,,1.532958137,0.91086955,,,0.726176328,,0.295954406,0.250624991,,0.653378608,0.39859233,1.702156387,1.120210529,2.130767279,4.18111571,,3.848240801,,,0.829213051,,0.669983154,0.606737803,0.60840612,,0.312031188,,3.864938712,0.284608053,,,,6.276951692,4.03581311,,,1.22997938,,0.725522332,4.203397142,0.393816553,,2.257731635,,,,,0.546543033,,,,,0.250142662,,0.530744959,1.530141155,2.530078171,8.952649671,0.411977056,0.683332216,1.763415151,1.754396543,3.253814262,,2.883230295,2.834388075,1.333160002,4.064344656,,1.011132598,2.575670593,0.437469174,,0.82656892,3.726082626,,,8.803947077,0.552179755,,1.813476041,1.460057264,,,2.953109183,,2.505607757,7.41777089,,1.304494618,,,1.990572779,,,2.088645546,,,,,,1.433742882,,0.988205172,,0.952212168,,,0.33787081,0.390928626,0.278646632,0.559151011,,0.312681971,4.579474782,,,4.251904636,,0.52756975,,0.731438413,,,,,5.461540644,2.967285677,0.427914846,,0.804934508,,0.871045237,0.443416514,0.504214843,,2.641705955,2.092466446,,18.13744097,,1.990030406,4.086636907,,,,,,,,,,,,4.69048553,0.229795426,2.234450728,,,,,5.874247102,3.361641605,3.310237991,,,,2.648006306,,2.66765197,0.375076745,0.395043321,,,,5.672034064,3.527223806,0.933547983,,0.360125285,0.356613875,1.157515444,,0.397952659,,,,5.374923557,0.679072382,1.159549255,2.773752529,,,,2.837781515,11.82260138,3.759675823,7.828535259,0.884645029,,1.895089745,,,2.414599286,,,,0.335170556,,,,0.228478287,,0.639859441,0.802734269,,,,,,,,,,,,,,,,,
1998,,,,0.425248544,0.839485404,,,0.521797741,,,1.662641766,0.606005402,,5.554759767,3.600872231,1.511399975,,9.512982689,0.139454308,,2.465396663,5.65969222,,0.357644099,,,0.591545453,0.962217462,1.018018539,1.077933111,,7.635297358,2.427488614,,,0.286346433,0.40090784,7.837738587,,,,,,1.566306288,0.91932599,,,0.747338094,,0.296673041,0.244603944,,0.637354441,0.383361647,1.785746279,1.047345543,2.176077766,4.051144057,,3.772290322,,,0.871040328,,0.695757194,0.638411853,0.621723493,,0.197341862,,3.692955194,0.285623221,,,,6.319326601,4.140963252,,,1.289499599,,0.67733626,4.177369915,0.403392507,,2.364566936,,,,,0.58030613,,,,,0.245676667,,0.557664353,1.988065009,2.501775666,9.407999358,0.414599337,0.659497196,1.76230904,1.260291396,3.43068137,,2.887950595,2.912932306,1.37326048,3.981269472,,1.014128638,2.610078605,0.437725267,,0.763977851,3.377524229,,,9.567613525,0.578914867,,1.790369702,1.41636685,,,3.296114859,,2.645920034,7.067873793,,1.449331561,,,1.841745448,,,1.82973172,,,,,,1.456609777,,0.88449974,,0.951150347,,,0.34021392,0.384923761,0.282296107,0.564974961,,0.313034728,4.599693555,,,4.155024377,,0.513088659,,0.715760877,,,,,5.668474797,2.99802737,0.425356769,,0.903595711,,0.841314195,0.458755357,0.508140548,,2.469766238,2.254810752,,18.4063386,,1.822847023,4.002407293,,,,,,,,,,,,4.922251634,0.236665207,2.235677867,,,,,5.073730648,3.256334459,3.253808861,,,,2.542175547,,2.79128052,0.376907155,0.389483334,,,,5.769687155,3.559098374,1.02473342,,0.373418545,0.368436142,1.072523195,,0.411118417,,,,6.212053105,0.730761896,1.16097871,2.692457818,,,,2.706204306,11.63547084,3.7868605,7.803654622,0.905639295,,2.072343146,,,2.485897066,,,,0.351745447,,,,0.236962047,,0.628578655,0.809674596,,,,,,,,,,,,,,,,,
1999,,,,0.573452554,0.883709564,,,0.536380696,,,1.653371803,0.589324033,,5.610886505,3.585108787,1.376562463,,9.020934481,0.138703612,,2.408822222,5.688971966,,0.362777898,,,0.550081941,0.92014773,1.030956284,1.085591411,,7.600386668,2.227484172,,,0.281114334,0.394846376,8.010802218,,,,,,1.643178961,0.90399101,,,0.656998465,,0.295710635,0.229379627,,0.686132913,0.437196363,1.745987703,1.084952615,2.14639591,3.795603888,,3.60270014,,,0.878863072,,0.642228536,0.64098486,0.641524902,,0.198163782,,3.498681354,0.284137111,,,,6.283958258,4.120952973,,,1.225419311,,0.624936552,4.079708972,0.406069757,,2.363534199,,,,,0.623104825,,,,,0.24446021,,0.480061128,2.401152199,2.490757243,10.6705398,0.432655489,0.682166424,1.963188561,0.940615771,3.545371161,,2.739605388,2.957316458,1.403141018,4.045480505,,0.99302019,2.406248948,0.43714801,,0.811118394,3.708670785,,,9.749453618,0.498408189,,1.647529661,1.463425395,,,2.875036129,,2.261449425,7.258837331,,1.354287325,,,1.814095017,,,1.985525622,,,,,,1.49007477,,0.758257406,,0.943680296,,,0.358260501,0.382766411,0.279809843,0.523391251,,0.32235333,4.519164325,,,4.313226774,,0.528060175,,0.724200304,,,,,5.896888846,3.117370645,0.43731395,,0.877937438,,0.785919675,0.481074159,0.509566836,,2.405229906,2.409959881,,18.91069367,,1.613154391,4.162338175,,,,,,,,,,,,4.935510089,0.243317448,1.628954481,,,,,4.56489681,3.271413931,3.242486681,,,,2.540717493,,2.911279061,0.396754093,0.421597276,,,,5.661519796,3.548321659,1.00574006,,0.366689339,0.384102535,1.131294195,,0.454815929,,,,7.038236933,0.74555854,1.122559776,3.154413816,,,,2.719064449,11.25728934,3.78375539,7.92324723,0.984000622,,2.105340227,,,2.308314828,,,,0.356594135,,,,0.259823434,,0.61281765,0.853538538,,,,,,,,,,,,,,,,,
2000,,,,0.579513818,0.884947275,,,0.53847495,,,1.65049336,0.651264362,,5.644541377,3.564577762,1.42028887,,9.189511637,0.143590264,,2.467192904,5.70743402,,0.304192666,,,0.449871365,1.176660896,1.044621926,1.07437364,,7.502654142,2.286094589,,,0.274152967,0.402446086,8.171664755,,,,,,1.632591107,0.936674676,,,0.649169833,,0.33609011,0.259640286,,0.754829837,0.406120246,1.755916403,1.157995456,2.265444284,3.990673676,,3.489698697,,,0.908587056,,0.6508111,0.601026611,0.667978328,,0.193013315,,3.442558132,0.284228663,,,,6.226394259,4.13501201,,,1.184191524,,0.649382342,4.09412484,0.403653755,,2.48099974,,,,,0.627306812,,,,,0.232528945,,0.48080981,2.009293773,2.448233376,11.0231646,0.433831508,0.726952971,1.882135313,1.06674825,3.60837034,,2.901714422,3.012218919,1.478474522,4.090515181,,1.014211777,2.397202335,0.439163317,,0.8612219,4.002751659,,0.869550588,9.689597411,0.490428303,,1.565274538,1.311304538,,,3.559871379,,2.037186644,7.617914279,,1.327397813,,,2.01196477,,,1.77132286,,,,,,1.451820252,,0.68831115,,0.993870287,,,0.355572156,0.394088927,0.285625564,0.515945711,,0.332275149,4.59782834,,,4.422104103,,0.536181456,,0.732448689,,,,,5.809788627,3.569938648,0.439284017,,0.872273712,,0.720545317,0.472574488,0.515735623,,2.317483907,2.412804782,,17.61996389,,1.613200053,4.23275414,,,,,,,,,,,,5.0547973,0.252247508,1.771192412,,,,,4.647038407,3.292630532,3.224379501,,,,2.483263886,,3.029303397,0.435900377,0.390206264,,,,5.360145147,3.481487281,0.986006847,,0.348085077,0.393380359,1.14455487,,0.440332583,,,,8.26030333,0.763936843,1.199917938,3.163360931,,,,2.720694089,11.19019242,3.785476843,8.056819755,0.936695526,,2.058450127,,,2.334837275,,,,0.370162513,,,,0.267466696,,0.612067642,0.790318572,,,,,,,,,,,,,,,,,
2001,,,,0.585242047,0.874483405,,,0.547904803,,,1.550461507,0.651636272,,5.44741668,3.752244167,1.401123508,,9.445440538,0.153265813,,2.484799694,5.673902866,,0.313709311,,,0.342423457,1.120660714,1.046575161,1.077923565,,6.818521421,2.429710452,,,0.271079474,0.398020554,7.975108697,,,,,,1.582738045,0.9451617,,,0.635985536,,0.33815787,0.274958377,,0.744484437,0.383793713,1.786461937,1.130008093,2.19908849,4.110546573,,3.583439747,,,0.9076502,,0.701144739,0.663366984,0.695833592,,0.194552722,,3.605754266,0.287534268,,,,6.389239569,4.242844125,,,1.29308206,,0.585994893,4.209826906,0.416428364,,2.557434152,,,,,0.62510457,,,,,0.233618189,,0.5079995,2.106680965,2.512007665,11.36358117,0.433558865,0.737197306,2.006461922,1.080081554,3.747931519,,2.974995341,3.021248651,1.474299286,4.017294804,,0.979602237,2.321470744,0.438834686,,0.882427772,4.034170893,,1.068869132,9.985800074,0.44610382,,1.729278122,1.382665295,,,3.482916116,,2.372671698,7.931541815,,1.277480252,,,2.055331274,,,2.001335783,,,,,,1.44175856,,0.732821785,,0.991879286,,,0.374001706,0.403749124,0.27682702,0.582099557,,0.335248972,4.712299625,,,4.412002835,,0.537679793,,0.746878305,,,,,5.942569938,3.694127821,0.437406923,,0.93465853,,0.718504907,0.449707899,0.483782443,,2.346067813,2.41081846,,19.43365342,,1.662658317,4.289249641,,,,,,,,,,,,5.157097844,0.265578054,1.937600829,,,,,5.124957467,3.456686696,3.379241087,,,,2.502780021,,3.070926564,0.428237112,0.400243053,,,,5.680280487,3.674225233,0.950364225,,0.340515102,0.40676087,1.164108294,,0.427463723,,,,8.880125247,0.797130954,1.090739713,3.263171181,,,,2.754511935,11.86385738,3.785789461,7.828280431,0.819613927,,2.045120371,,,2.350805694,,,,0.389788212,,,,0.288236598,,0.615362458,0.77211057,,,,,,,,,,,,,,,,,
2002,,,,0.649229168,0.916100097,,,0.557682919,,,1.470793556,0.610102948,,5.570152915,3.767459416,1.396911141,,10.01942623,0.154672544,,2.544244131,5.454730066,,0.327529967,,,0.407905759,1.167209895,1.059886522,1.091558412,,6.512572273,2.415492825,,,0.310967611,0.397258425,7.914378739,,,,,,1.619848364,0.988813702,,,0.613581298,,0.339893414,0.264048748,,0.775659857,0.404319418,1.855540991,1.049571677,2.187357762,4.168162246,,3.535165351,,,0.91683219,,0.721125146,0.672239093,0.706663886,,0.188331426,,3.466146393,0.287366755,,,,6.694238047,4.22479826,,,1.306868795,,0.583873996,4.10424558,0.414689186,,2.577528843,,,,,0.614952132,,,,,0.258434121,,0.521767187,1.956563218,2.520156699,11.42379566,0.438603375,0.754294265,2.041245967,1.09395529,3.704763569,,2.865817504,3.016165867,1.375214352,4.004815458,,1.004338825,2.67038999,0.432938559,,0.841002088,4.171743144,,1.063366249,9.971534668,0.500059911,,1.707069627,1.349436113,,,2.970331007,,2.553871499,8.15417269,,1.249522934,,,2.080716334,,,1.85191265,,,,,,1.468158041,,0.708823124,,1.051558999,,,0.376151081,0.398187742,0.284338968,0.511615946,,0.331243846,4.68798228,,,4.335665443,,0.553308183,,0.750111858,,,,,5.489419608,3.828919429,0.433600863,,0.854609607,,0.698155285,0.446713813,0.480795808,,2.324201883,2.490621941,,19.37524372,,1.748425375,4.28836168,,,,,,,,,,,,5.44904816,0.262556925,2.056138968,,,,,4.991246408,3.48249098,3.424452879,,,,2.413791913,,3.120078962,0.433302732,0.425298811,,,,5.802110105,3.554391069,0.986584796,,0.338677488,0.416278337,1.272481642,,0.431926546,,,,9.457519192,0.798785308,1.134488033,3.28155909,,,,2.813149422,12.46761551,3.68223422,7.843392547,0.767134211,,2.104381287,,,2.294265623,,,,0.420441546,,,,0.270832361,,0.620291484,0.770137925,,,,,,,,,,,,,,,,,
2003,,,,0.645354992,0.962688222,,,0.583847813,,,1.553825478,0.643765802,,5.573861948,3.966704357,1.454833437,,10.4329289,0.159039423,,2.633089048,5.709103575,,0.334662949,,,0.418254336,1.163301934,1.041910206,1.095123276,,7.394155477,2.49246679,,,0.31593673,0.403127656,8.27231355,,,,,,1.61861974,1.117901328,,,0.616696373,,0.342031114,0.296907349,,0.816439519,0.376846302,1.980309685,1.040520773,2.335979939,4.351064065,,3.726408357,,,0.898261644,,0.764382824,0.685051671,0.735316483,,0.194012544,,3.833975222,0.288456325,,,,7.047664173,4.270582919,,,1.301606699,,0.624936589,4.13556051,0.397484544,,2.643512677,,,,,0.614612001,,,,,0.24439212,,0.551765934,2.021738278,2.580221712,11.30596053,0.442628424,0.744520058,2.078754695,1.032467366,3.596080441,,2.952253763,3.11472633,1.425364665,3.963718818,,1.001808675,2.886892826,0.434123719,,0.85450047,4.235712572,,1.120450305,10.34477611,0.533004184,,1.820118933,1.326524405,,,5.368083591,,2.677835566,8.499665656,,1.364908308,,,2.179506703,,,2.071498462,,,,,,1.478163548,,0.794437883,,1.016181141,,,0.370092041,0.408829082,0.306776933,0.535809638,,0.333045193,4.807931279,,,4.183350963,,0.586170036,,0.744041023,,,,,5.919067309,4.002571098,0.445645852,,0.847632028,,0.698534503,0.432371271,0.471749517,,2.384658249,2.406715209,,20.09811783,,1.813551257,4.462829855,,,,,,,,,,,,5.434781217,0.24824169,2.155556426,,,,,6.131550987,3.464735435,3.463336027,,,,2.545162388,,3.172160583,0.452824858,0.421075804,,,,5.65043805,3.543078956,0.945829424,,0.342372494,0.421090428,1.363118379,,0.445386608,,,,10.4196223,0.815828066,1.173257556,3.623758367,,,,3.025128569,11.81752588,3.73111783,7.794172574,0.763719625,,2.05217943,,,2.073241606,,,,0.436329317,,,,0.291545703,,0.624268794,0.754592262,,,,,,,,,,,,,,,,,
2004,,,,0.705188487,0.956878537,,,0.611988687,,1.629686859,1.755382637,0.680194879,,5.514906347,4.000779984,1.532110034,2.109684532,10.37516524,0.162563068,1.389161576,2.735834578,5.650965341,0.548478415,0.336787787,,0.280199253,0.403237501,1.272274405,1.002679994,1.14181462,,6.689675032,2.425198373,,,0.256879871,0.40541822,8.364289233,0.190666347,,,,,1.705521978,1.252319951,,,0.613449315,0.05432386,0.344920091,0.296095932,,0.916007513,0.524575961,1.985800631,1.006897838,2.148956592,4.454836406,,3.59496592,0.167561588,0.564505623,0.798677541,,0.783545056,0.734946907,0.726890229,1.291976521,0.172188731,,3.915059031,0.288870087,,,0.81308555,7.098452958,4.301043074,,,1.291322309,0.073947633,0.643888567,4.159426348,0.391365806,,2.68558172,,0.722268313,,,0.627543499,,,0.064140142,0.644039675,0.2483267,,0.571388382,1.888114248,2.588002291,11.53168718,0.462242289,0.788474107,2.251866962,0.999739964,3.588298247,,2.828592892,3.128308384,1.433565824,4.089581382,,1.175451229,3.378214018,0.444187621,0.088497533,0.868472915,4.335730969,,1.126870356,10.71905311,0.536352969,,1.878693058,1.318279298,0.013678514,,3.36361097,,2.731587957,9.331422522,,1.355476211,,,2.29345858,0.859141958,,2.066583929,0.558035714,,,0.826180936,,1.512300163,,0.813288479,,1.034209704,,,0.403559326,0.413640042,0.320472814,0.569301031,,0.330582316,4.856638946,,,4.255055413,,0.610738176,,0.745978968,,,,,5.756449277,4.037684331,0.467925934,,0.819414645,,0.691646005,0.472606248,0.460377248,,2.393026786,2.459618148,,23.07109877,,1.782731478,4.500479474,,,,1.565622232,0.738761589,,0.607925133,,0.311632229,,0.252809176,6.190536977,0.258526161,2.356533971,,,3.103030303,,7.390249598,3.409801841,3.570021612,0.12693716,,,2.758439316,,3.257794368,0.452687162,0.414528592,1.34621155,,0.399569331,5.847344163,3.531474601,0.996243501,,0.367089806,0.428658961,1.457623565,0.059546787,0.440035339,,0.568374449,,10.77204335,0.852033043,1.20259685,3.694367471,,,,3.032051417,11.5659093,3.706627375,7.881753533,0.868947268,,1.971604406,,0.14594208,2.173853753,,,,0.478497354,,,,0.30871866,,0.625888302,0.73719945,,,,,,,,,,,,,,,,,
2005,,,,0.702235025,0.984091466,,,0.56856911,,1.632584966,1.73141309,0.817053681,,5.60023506,4.103304286,1.649877798,2.179372366,10.34806369,0.169543227,1.441758502,2.749004127,5.6004279,0.551747772,0.327524835,,0.309422366,0.565673025,1.33352993,1.02791638,1.157274861,,6.337750569,2.576983036,,,0.257225526,0.397716444,8.424041161,0.209354111,,,,,1.739198046,1.342446009,,,0.629279225,0.057545095,0.347751071,0.30648507,,0.897186461,0.534609282,2.000694957,0.955913246,2.150063628,4.390544273,,3.485343298,0.171951601,0.594849474,0.828244911,,0.818303742,0.845363223,0.747886171,2.055158547,0.170054312,,3.836514753,0.287146907,,,0.702690283,6.529458668,4.283718417,,,1.352704291,0.071823888,0.651318903,4.101617724,0.380249065,,2.724028849,,0.768976191,,,0.617668623,,,0.063610673,0.663329916,0.276504392,,0.580992851,1.858726149,2.734504834,11.72926931,0.473031729,0.794143377,2.467833272,0.973475744,3.479163271,,2.669083419,3.137385229,1.419070706,4.073946241,,1.233741292,3.354121194,0.450467556,0.086967865,0.898305146,4.366123624,,1.089584237,11.66015802,0.51492465,,1.919588335,1.239566975,0.015974812,,4.226663771,,2.589719896,9.433495715,,1.423509734,,,2.433178835,0.762091857,,2.181127534,0.55729577,,,0.86627581,,1.597933401,,0.856489602,,1.030492604,1.128705889,,0.430013971,0.408733447,0.319870106,0.62189542,,0.334712939,4.829935573,,,4.075089141,,0.613189522,,0.761743054,,,,,5.787936775,4.433810933,0.476036948,,0.888739875,,0.670429868,0.495152305,0.453039915,,2.420428846,2.508874703,,20.47380101,,1.786640943,4.55264846,,,,1.606572713,0.748493884,,0.616063629,,0.31625027,,0.28174182,6.053805323,0.256707102,2.157162922,,,2.750301568,,5.264322753,3.49553657,3.645458526,0.123455476,,,2.716048671,,3.269024691,0.458196752,0.393917989,1.393968283,,0.392166499,5.711127283,3.488804731,1.124860245,,0.362696413,0.442130421,1.486778567,0.05899555,0.438560596,,0.564770228,,12.75549763,0.829038289,1.238261636,3.831835915,,,,3.03336597,10.62317068,3.692301017,7.846804917,0.894556803,,1.795278633,,0.142065634,2.517722805,,,,0.503138536,,,,0.319081307,,0.629214826,0.771888503,,,,,,,,,,,,,,,,,
2006,,,,0.662679263,1.038731636,,,0.599435603,,1.683303513,1.873916208,0.829406641,,5.605496693,4.085859696,1.58833845,2.178568563,10.19324756,0.177721537,1.468298766,2.941621474,5.509343894,0.570696715,0.374768268,,0.312740391,0.688963817,1.401901,1.028819431,1.184935618,,8.785170543,2.663625111,,,0.253727466,0.37457561,8.236769937,0.213269994,,,,,1.791676041,1.458438314,,,0.653790323,0.063582511,0.350482595,0.31797867,,0.954694168,0.520422183,2.011977928,0.962847901,2.202987393,4.470123674,,3.724566842,0.17361069,0.611353712,0.867386443,,0.80079097,0.875552779,0.779670448,2.401814065,0.150016025,,3.749644039,0.288520255,,,0.675083268,7.086903667,4.191468058,,,1.324938877,0.07367868,0.689293315,4.135783284,0.408733592,,2.710932631,,0.786125372,,,0.609137589,,,0.064493383,0.66816246,0.279367339,,0.568986668,1.943909379,2.713618604,13.69021535,0.489831265,0.806324189,2.547631123,0.756272064,3.464668439,,2.89147015,3.084926123,1.579309076,4.068745429,,1.237791403,4.017717827,0.459453269,0.106912994,0.902083097,4.415774229,,1.090722148,10.96357935,0.516315921,,1.987707326,1.165027723,0.009110259,,4.026169809,,2.568874588,9.179767983,,1.426030461,,,2.396541458,0.961862808,,2.050122045,0.574602567,,,0.93637892,,1.589588365,,0.832250273,,1.131749288,1.321930107,,0.433724727,0.410614002,0.32216894,0.610691321,,0.327607845,4.700183242,,,4.054329924,,0.628954404,,0.746515802,,,,,5.817682066,5.485200874,0.487639385,,0.938842033,,0.678305102,0.475394209,0.441427839,,2.549495301,2.333476595,,18.7495615,,1.847583986,4.706475782,,,,1.585995061,0.715200106,,0.642685323,,0.315324785,,0.283925921,6.379735088,0.25051853,2.302391572,,,2.872340426,,5.35476462,3.457429774,3.648401888,0.122153209,,,2.665683161,,3.212914183,0.457413939,0.396191561,1.414105004,,0.398524478,5.529077953,3.61976081,1.146794176,,0.370035009,0.44702667,1.501912551,0.058160225,0.428192476,,0.561111986,,14.82372703,0.8641204,1.347092702,3.864845131,,,,2.935230055,9.844731024,3.613889645,7.697187705,0.960236732,,1.845360009,,0.143015316,2.495948837,,,,0.509821949,,,,0.322904754,,0.629468843,0.770383702,,,,,,,,,,,,,,,,,
2007,,,,0.646798636,1.086021971,,,0.625843499,,1.698958515,1.87138944,0.925555132,,5.683007332,4.022449074,1.411960892,2.15592606,9.456593856,0.183203413,1.476338092,2.891955576,5.366718146,0.571428571,0.395343376,,0.354351921,0.567544323,1.403685439,1.054540502,1.240032188,,8.79538453,2.626143051,,,0.25468562,0.345489504,8.251849719,0.213240363,,,,,1.837582352,1.528830173,,,0.629483567,0.060418331,0.353022349,0.324156465,,1.012895813,0.548777819,2.097819883,0.899606582,2.292581468,4.436276291,,3.618512377,0.170349025,0.628342637,0.875808465,,0.818234028,0.923271167,0.729736326,2.731637927,0.15017648,,4.191668306,0.392598276,,,0.62734431,6.957264518,4.116148208,,,1.396994459,0.08357647,0.761399371,4.025569865,0.399081726,,2.699663256,,0.78360808,,,0.638335194,,,0.066704536,0.666606228,0.28903019,,0.655371647,2.070195065,2.658032793,15.5221494,0.510064486,0.794458134,2.661023907,0.764519887,3.463176259,,2.885649782,3.024803871,1.751704911,4.032163465,,1.273219181,4.277298034,0.458268755,0.115737087,0.762211934,4.57110414,,1.123933601,10.78060215,0.553047225,,2.051686657,1.017481557,0.009021294,,3.846235622,,2.800302048,8.767504943,,1.485416925,,,2.586567658,0.985046403,,2.144292874,0.609674777,,,0.947316057,,1.610838263,,0.820790829,,1.186677203,1.234356537,,0.462741928,0.423540962,0.332394063,0.62290318,,0.327445797,4.843796088,,,4.049825935,,0.553200648,,0.732717093,,,,,5.849373762,5.70241923,0.505578848,,0.895707818,,0.690421854,0.508911961,0.434438737,,2.539933464,2.385064009,,17.44572871,,1.84239908,4.733220844,,,,1.645030225,0.76037496,,0.641848524,,0.319952338,,0.279611848,5.650426973,0.26143256,2.254633189,,,2.410828737,,4.735847099,3.306946709,3.62744621,0.128904912,,,2.845049106,,3.204821949,0.462166575,0.373954166,1.399626766,,0.414664416,5.472135392,3.412123134,1.184846715,,0.390774762,0.446626093,1.547075731,0.058315727,0.434839941,,0.567214974,,15.22226463,0.883981281,1.428791115,4.433502791,,,,2.953032992,9.61290239,3.459246203,7.758205892,0.954342271,,1.813492966,,0.157390378,2.310919659,,,,0.543534352,,,,0.325349399,,0.613704632,0.778871659,,,,,,,,,,,,,,,,,
2008,,,,0.655651275,1.08761925,,,0.657618232,,,1.930172655,0.973201147,,5.778817313,4.023800859,1.51548132,,8.7847075,0.191053023,,2.931195793,5.469581576,,0.392489451,,,0.617864845,1.577568701,1.100672082,1.296541229,,9.433509663,2.596119577,,,0.254186247,0.340917516,7.945846493,,,,,,1.804632441,1.574831307,,,0.648981524,,0.355988687,0.328359147,,1.014460904,0.541320704,2.043194181,0.932904822,2.401262394,4.304306768,,3.495098952,,,0.84745919,,0.784493844,0.917523723,0.733985162,,0.136885523,,4.05787234,0.395909374,,,,6.638822531,4.113621539,,,1.371708807,,0.685393389,4.068953992,0.385049357,,2.706980292,,,,,0.595795468,,,,,0.284842588,,0.636409173,2.026242745,2.635779983,16.86846831,0.525737715,0.795563971,2.819203221,0.942801998,3.37930507,,3.130975263,2.941635988,1.58665972,3.878907112,,1.221526525,4.479042266,0.461009577,,0.835761255,4.636383276,,1.209313585,10.93506507,0.513276365,,1.978958507,1.301907526,,,3.979385718,,2.808395484,8.609796378,,1.466821338,,,2.654580895,,,2.030773152,,,,,,1.636928249,,0.798450859,,1.183114812,1.311374238,,0.478550724,0.420605251,0.318153625,0.738270659,,0.3320693,4.837166893,,,4.079142168,,0.540914089,,0.738125379,,,,,6.250025167,6.025569566,0.48739925,,0.914719768,,0.697873694,0.528553397,0.443695478,,2.567613487,2.299879415,,15.31043078,,1.838418979,4.850177591,,,,,,,,,,,,5.888245793,0.261036726,2.29464325,,,,,4.92368992,3.385488473,3.829025744,,,,3.027596241,,3.0518988,0.442296285,0.364274079,,,,5.379959103,3.501333673,1.17385156,,0.369288802,0.448657102,1.576957189,,0.443614906,,,,14.53082552,0.912673954,1.388840195,4.493747148,,,,2.943144502,9.397846945,3.39436448,7.487930303,1.245675532,,1.849719625,,,2.511814498,,,,0.575456291,,,,0.315670652,,0.617251413,0.744783277,,,,,,,,,,,,,,,,,
2009,,,,0.65317912,1.165830963,,,0.679068871,,,1.860434666,0.843184346,,5.738862639,3.796842782,1.305221284,,8.096253521,0.200106244,,2.815186705,5.28891252,,0.399895905,,,0.634814903,1.601534683,1.020428184,1.243310053,,7.971322259,2.306130903,,,0.351080988,0.360572824,7.433973511,,,,,,1.738908783,1.689465024,,,0.674975036,,0.356967502,0.359252195,,0.993846811,0.488449008,1.961570106,1.038045295,2.326628903,4.011767989,,3.32298177,,,0.825912752,,0.803688529,0.895558761,0.685596427,,0.142316258,,3.543534106,0.398396046,,,,6.227017847,3.916691059,,,1.394108618,,0.701805341,3.871738436,0.368950583,,2.608921487,,,,,0.663968599,,,,,0.263088159,,0.597713023,2.132216543,2.480320873,16.90490394,0.55905629,0.836149861,2.910785337,1.045080946,3.229942664,,2.87576213,2.738843472,1.205694094,3.701072104,,1.260858664,3.934788875,0.47575882,,0.79115403,4.659794396,,1.344212858,11.40205707,0.559059127,,1.871983924,1.570192924,,,3.727912884,,2.585663354,7.938957337,,1.367061639,,,2.499440864,,,1.956718866,,,,,,1.558820515,,0.686944116,,1.199238916,1.038164125,,0.477133748,0.427666568,0.299267412,0.702567886,,0.338444432,4.729159957,,,4.044953195,,0.533369059,,0.707104261,,,,,5.83116789,5.498760573,0.493109429,,0.990748147,,0.705743333,0.550448838,0.415497591,,2.463505216,2.271501706,,14.62567962,,1.619584616,4.558628603,,,,,,,,,,,,5.888098689,0.269816422,2.082238201,,,,,5.509207434,3.086145658,3.476305224,,,,2.925336723,,2.776293476,0.444438729,0.373575959,,,,4.88320049,3.483224647,1.059623232,,0.344000566,0.44585339,1.56172725,,0.445216499,,,,15.1688758,0.866419499,1.359301796,3.872387378,,,,2.439313991,8.697749255,3.188321301,7.057277154,1.257734523,,1.617768102,,,2.469466425,,,,0.621321883,,,,0.31564581,,0.618029156,0.754556841,,,,,,,,,,,,,,,,,
2010,,,,0.648290851,1.138239293,,,0.716493504,,,1.846823755,0.790845103,,5.59322124,4.033582085,1.307459788,,7.753674609,0.208842531,,2.922028978,5.585583508,,0.412814077,,,0.737362572,1.703368138,1.127809681,1.362548955,,8.308442796,2.370149194,,,0.355372357,0.362718519,7.379626041,,,,,,1.806740429,1.806757929,,,0.696299054,,0.360174224,0.363456767,,0.997831027,0.484934441,1.93194115,0.975290858,2.215189277,4.192823109,,3.470398723,,,0.839995286,,0.836302542,0.903145591,0.676915831,,0.14171582,,4.154514271,0.400264686,,,,6.78721199,4.030516521,,,1.417600433,,0.700294871,4.003264295,0.382195173,,2.440492287,,,,,0.712762569,,,,,0.228983533,,0.600942909,1.951342143,2.566705697,16.88249943,0.565638498,0.866501897,2.816767718,1.180264928,3.217686299,,3.005364132,2.81463883,1.130155793,3.898370613,,1.19138763,4.59514931,0.48285722,,0.761160466,5.0599119,,1.372142503,12.20432143,0.535648782,,1.971292644,1.526087988,,,3.012969244,,2.106958702,8.342546548,,1.402312863,,,2.557845693,,,2.012930444,,,,,,1.570343239,,0.730655727,,1.188684257,1.303488575,,0.51666593,0.435970136,0.29183578,0.702487946,,0.341061245,5.020998479,,,4.166425203,,0.541996312,,0.713614413,,,,,6.637364366,7.187670512,0.487315591,,1.072733037,,0.741886961,0.667131119,0.434016306,,2.657011347,2.213050887,,12.79943291,,1.632155535,4.943087775,,,,,,,,,,,,6.167943841,0.271973538,2.140986083,,,,,6.455726949,3.280465789,3.520166378,,,,2.737815,,2.772666849,0.47789188,0.370931642,,,,5.468217424,3.348752446,1.062966333,,0.335518359,0.447758966,1.698856203,,0.446093582,,,,15.91329852,0.912808676,1.445082463,4.225861985,,,,2.844932648,8.271473929,3.254089194,7.164461668,1.24085469,,1.533040361,,,2.668645765,,,,0.681374729,,,,0.297891314,,0.627806377,0.764013773,,,,,,,,,,,,,,,,,
2011,,,,,,,,,,,,,,5.295940161,3.875007364,,,,,,,5.082475745,,,,,,,,,,,,,,,,7.426204193,,,,,,1.876648026,,,,,,,,,,,,,,4.067961407,,3.141668102,,,,,,,,,,,4.140230597,,,,,6.35882532,3.842635168,,,,,,3.758409943,,,2.348194887,,,,,,,,,,,,,,2.513825895,17.98331034,,,,,3.011987297,,3.133008615,2.717428501,,3.584390755,,,,,,,5.174670845,,,,,,,,,,,,,8.027160542,,,,,,,,,,,,,,1.628734763,,,,,,,,,,,,,4.644801749,,,4.086158404,,,,,,,,,6.032852989,,,,,,,,,,2.685341585,2.176044937,,,,,,,,,,,,,,,,,,,,,,,,,3.113755699,3.528831871,,,,,,2.723006813,,,,,,5.225873268,3.22709637,,,,,,,,,,,,,1.550560326,,,,,,,3.017258425,7.069233112,,,,,,,,,,,,,,,,,,,,,,,,,,,,,,,,,,
