Historical Gross Domestic Product Per Capita,,,,,,,,,,,,,,,,,,,,,,,,,,,,,,,,,,,,,,,,,,,,,,,,,
   for Baseline Countries/Regions (in 2010 dollars) 1969-2014,,,,,,,,,,,,,,,,,,,,,,,,,,,,,,,,,,,,,,,,,,,,,,,,,
Updated:9/18/2015,,,,,,,,,,,,,,,,,,,,,,,,,,,,,,,,,,,,,,,,,,,,,,,,,
Source: Calculated from real GDP and population in the ERS International Macroeconomic Data Set. ,,,,,,,,,,,,,,,,,,,,,,,,,,,,,,,,,,,,,,,,,,,,,,,,,
,,,,,,,,,,,,,,,,,,,,,,,,,,,,,,,,,,,,,,,,,,,,,,,,,
"Contact: Dr. Kari Heerman (202-694-5250, keheerman@ers.usda.gov)",,,,,,,,,,,,,,,,,,,,,,,,,,,,,,,,,,,,,,,,,,,,,,,,,
"Information important for using this table: Because of the use of fixed exchange rates, the base year can make a significant difference in the relative ranking of countries.",,,,,,,,,,,,,,,,,,,,,,,,,,,,,,,,,,,,,,,,,,,,,,,,,
,,,,,,,,,,,,,,,,,,,,,,,,,,,,,,,,,,,,,,,,,,,,,,,,,
,,,,,,,,,,,,,,,,,,,,,,,,,,,,,,,,,,,,,,,,,,,,,,,,,
,,,,,,,,,,,,,,,,,,,,,,,,,,,,,,,,,,,,,,,,,,,,,,,,,
,,,,,,,,,,,,,,,,,,,,,,,,,,,,,,,,,,,,,,,,,,,,,,,,,
Real Per Capita GDP in 2010 U.S. dollars and Annual Growth Rates (right side of table),,,,,,,,,,,,,,,,,,,,,,,,,,,,,,,,,,,,,,,,,,,,,,,,,
,,,,1969,1970,1971,1972,1973,1974,1975,1976,1977,1978,1979,1980,1981,1982,1983,1984,1985,1986,1987,1988,1989,1990,1991,1992,1993,1994,1995,1996,1997,1998,1999,2000,2001,2002,2003,2004,2005,2006,2007,2008,2009,2010,2011,2012,2013,2014
,,,,,,,,,,,,,,,,,,,,,,,,,,,,,,,,,,,,,,,,,,,,,,,,,
World,,,,5074.66,5180.97,5284.41,5458.92,5680.78,5692.62,5648.73,5829.36,5957.57,6098.72,6241.74,6267.60,6274.07,6205.00,6255.32,6427.58,6556.70,6653.86,6773.49,6955.54,7083.25,7162.24,7137.74,7145.01,7152.81,7265.42,7378.90,7518.99,7695.71,7781.06,7934.77,8174.62,8228.50,8303.83,8442.70,8713.36,8938.22,9219.07,9501.27,9562.51,9291.47,9584.17,9770.60,9899.07,10040.64,10188.18
,World Less US,,,3979.32,4112.51,4204.09,4342.44,4522.79,4567.83,4547.80,4685.71,4777.56,4867.44,4994.30,5049.75,5043.03,5024.75,5032.83,5126.83,5219.87,5290.56,5385.39,5532.51,5630.11,5708.20,5711.15,5683.45,5668.90,5739.49,5833.94,5935.26,6059.89,6086.76,6178.10,6369.41,6431.20,6497.49,6607.64,6833.41,7019.55,7279.10,7560.35,7658.69,7465.86,7740.27,7923.39,8029.12,8150.43,8273.20
,North America,,,23532.81,23485.33,23947.39,24916.52,26090.69,25812.17,25549.72,26652.07,27564.81,28747.44,29355.57,29010.52,29492.84,28612.93,29601.21,31421.85,32477.50,33262.52,34113.20,35231.09,36107.35,36236.00,35663.30,36343.83,36850.46,37891.47,38463.61,39385.11,40665.61,41986.69,43478.16,44815.65,44839.43,45255.92,46066.82,47359.10,48490.68,49316.81,49731.04,49196.32,47416.74,48253.62,48716.59,49457.30,50169.30,50997.10
,,,Canada,22595.98,23988.77,24663.11,25705.02,27160.00,27774.42,27873.14,28937.96,29587.81,30450.60,31295.96,31561.43,32264.70,30915.39,31391.81,32824.36,34042.68,34442.86,35368.27,36568.56,36774.76,36277.23,35094.74,34865.12,35269.52,36401.12,36944.87,37145.29,38368.34,39634.29,41252.25,42976.19,43315.73,44157.53,44657.19,45707.08,46786.51,47615.75,48160.15,48320.24,46624.69,47808.83,48832.25,49380.18,49978.83,50851.95
,,,United States,23632.58,23431.65,23871.17,24832.57,25976.56,25601.78,25299.44,26404.98,27345.75,28563.11,29145.80,28734.43,29192.06,28362.45,29406.24,31268.99,32306.85,33133.72,33975.67,35083.97,36033.31,36231.42,35726.35,36508.12,37026.33,38057.40,38632.76,39634.46,40920.67,42246.95,43723.76,45018.23,45007.05,45376.61,46221.49,47540.12,48677.14,49502.72,49902.53,49291.86,47503.07,48302.08,48703.98,49465.72,50190.08,51012.94
,Latin America,,,4671.08,4855.80,5050.74,5277.91,5592.17,5815.92,5893.56,6114.45,6264.85,6365.94,6637.22,6899.86,6765.61,6567.36,6253.68,6364.91,6456.32,6614.29,6702.64,6629.39,6590.43,6498.58,6620.41,6693.33,6835.08,7024.39,7028.10,7148.62,7395.06,7439.09,7335.79,7514.20,7479.17,7405.40,7430.78,7789.01,8038.90,8368.63,8732.91,8963.82,8747.77,9150.79,9464.39,9631.21,9792.02,9786.83
,,,Mexico,4982.63,5139.28,5172.71,5440.63,5707.95,5877.81,6056.16,6166.97,6222.07,6619.90,7095.66,7578.26,8056.42,7822.75,7321.65,7415.27,7442.98,7012.75,6994.92,6939.86,7095.05,7319.99,7491.16,7620.46,7785.32,8010.84,7422.55,7729.88,8135.57,8388.85,8495.71,8828.54,8657.94,8555.57,8562.59,8812.67,8965.26,9296.75,9464.68,9466.77,8894.93,9215.46,9452.31,9697.16,9706.33,9791.56
,,Caribbean and Central America,,2916.93,3039.34,3155.82,3288.97,3375.22,3428.77,3424.80,3521.04,3662.82,3790.92,3833.44,3825.97,3899.98,3862.02,3803.35,3878.77,3846.61,3857.63,3887.90,3909.38,3957.62,3916.38,3830.25,3829.74,3825.05,3859.58,3945.47,4020.64,4111.10,4248.73,4350.73,4425.51,4553.13,4620.31,4688.74,4779.06,4935.64,5143.28,5280.21,5324.19,5219.51,5277.59,5345.56,5395.18,5477.40,5580.40
,,,Antigua and Barbuda,3320.97,3412.59,3529.96,3655.51,3794.09,3950.45,4119.33,4288.24,4467.03,4655.91,5004.31,5432.29,5677.49,5708.39,6192.91,6918.19,7479.32,8430.13,9124.46,9617.82,10179.68,10475.05,10711.24,10610.51,10988.55,11484.07,10808.21,11315.14,11635.78,11926.98,12211.35,12599.76,11977.46,12137.74,12671.63,13154.00,13768.08,15407.68,16652.43,16447.99,14280.76,13089.18,12689.16,13031.06,12857.39,13106.02
,,,Bahamas,21606.34,19630.31,19503.36,18387.28,19381.73,15828.82,13226.13,13615.49,14542.76,16275.23,20066.29,21001.88,18734.85,19650.90,20014.12,22467.84,23183.25,23270.58,23652.86,23870.76,25103.20,24311.28,22903.88,21658.46,21379.59,21727.56,22365.27,22989.11,23146.41,23936.79,25342.65,26087.26,26482.27,26925.76,26332.64,26319.68,26970.81,27411.28,27560.62,26676.75,25328.12,25479.76,25399.79,25727.31,25503.18,25539.63
,,,Barbados,8982.23,9859.66,10166.67,10218.07,10283.72,9748.10,10073.55,10029.68,10420.55,11016.40,11813.75,12332.42,11918.28,11271.53,11231.00,11551.12,11558.81,12599.08,12685.49,13435.35,14050.82,13315.65,12875.27,12175.61,12245.28,12687.55,12826.72,13006.43,13774.00,14275.31,14580.39,14851.65,14408.36,14436.38,14650.72,14792.96,15317.24,16123.95,16326.49,16316.70,15581.28,15562.59,15623.09,15568.72,13147.22,13131.07
,,,Belize,1307.43,1337.88,1359.45,1465.84,1512.14,1682.95,1710.20,1678.38,1756.35,1864.19,1973.01,2284.66,2239.84,2173.93,2079.97,2068.42,2030.54,2052.95,2217.02,2354.49,2590.77,2799.58,3016.33,3293.91,3411.15,3328.47,3263.20,3223.65,3250.72,3283.81,3478.15,3828.23,3915.48,4011.01,4276.21,4366.42,4372.79,4467.30,4414.63,4456.44,4391.60,4442.02,4442.36,4519.32,4497.99,4521.88
,,,Costa Rica,3539.03,3698.42,3838.29,4040.94,4234.20,4350.47,4321.03,4432.63,4690.19,4793.39,4880.23,4832.64,4606.81,4152.99,4152.03,4283.73,4202.79,4316.83,4488.44,4538.62,4646.05,4710.31,4722.51,5032.14,5258.86,5352.00,5410.82,5317.89,5476.21,5794.77,6128.59,6106.53,6057.39,6132.83,6425.14,6597.24,6882.68,7379.86,7852.62,7953.07,7763.08,8037.33,8289.67,8605.63,8788.46,8982.85
,,,Cuba,2211.31,2294.53,2455.03,2526.40,2563.81,2546.20,2746.32,2855.18,3065.75,3235.39,3244.95,3105.88,3694.79,3992.55,4169.45,4458.49,4488.56,4458.28,4320.74,4442.77,4429.55,4256.41,3766.91,3306.12,2797.85,2803.78,2859.56,3071.44,3146.00,3138.00,3316.51,3498.15,3599.07,3641.38,3767.39,3974.84,4418.80,4960.21,5329.82,5561.82,5655.20,5796.16,5964.58,6151.08,6323.93,6414.63
,,,Dominica,2113.85,2137.73,2164.21,2191.46,2222.75,2262.34,2310.48,2364.87,2425.85,2709.87,2213.87,2541.60,2862.99,2969.48,3030.00,3207.07,3287.54,3555.73,3853.10,4210.85,4250.00,4505.28,4525.43,4607.77,4675.84,4709.13,4768.57,4923.85,5047.87,5317.55,5330.52,5315.01,5310.91,5194.02,5577.70,5743.06,5722.71,5992.01,6343.24,6803.73,6712.40,6770.26,6750.26,6642.06,6567.06,6711.64
,,,Dominican Republic,1430.38,1643.44,1772.33,1904.46,2094.11,2163.14,2218.35,2309.47,2366.36,2359.83,2408.68,2539.18,2586.62,2570.17,2628.75,2603.80,2493.80,2526.85,2723.92,2724.61,2785.87,2581.21,2554.67,2770.28,2918.31,2934.68,3042.09,3201.27,3396.89,3571.83,3746.22,3890.96,3894.84,4052.83,3979.10,3970.68,4275.95,4665.77,4990.74,5076.57,5053.96,5399.42,5477.67,5548.18,5738.72,6082.56
,,,El Salvador,2634.39,2611.40,2634.36,2735.83,2803.97,2883.70,2895.25,2965.69,3086.70,3166.60,2958.69,2576.91,2333.48,2205.76,2216.46,2213.32,2190.11,2154.02,2166.36,2167.33,2150.82,2217.21,2258.32,2387.43,2540.23,2663.44,2790.05,2794.65,2875.75,2944.50,3005.64,3038.09,3072.22,3134.47,3196.81,3247.59,3351.38,3473.92,3600.77,3631.65,3503.79,3539.01,3605.72,3662.16,3712.59,3776.38
,,,Grenada,1988.15,2037.97,2087.35,2138.90,2199.61,2279.81,2363.10,2442.91,2644.49,2840.25,3049.93,3076.41,3029.06,3176.19,3265.17,3413.58,3676.72,3958.97,4376.53,4515.91,4789.26,5043.56,5167.30,5119.98,4927.04,5010.80,5084.08,5241.51,5432.75,5741.05,6281.77,6360.12,6189.67,6368.75,6938.76,6850.80,7713.89,7361.04,7763.24,7787.78,7227.74,7151.97,7165.35,7043.57,7178.70,7250.18
,,,Guatemala,1931.43,1997.83,2062.23,2163.23,2256.95,2345.17,2335.23,2449.39,2578.73,2643.99,2704.64,2741.40,2686.77,2534.75,2398.81,2348.11,2272.08,2205.74,2188.78,2184.06,2209.13,2217.97,2237.30,2307.03,2358.40,2389.25,2445.29,2458.74,2510.26,2583.42,2634.76,2685.12,2699.22,2749.42,2766.46,2802.33,2836.07,2923.33,3040.88,3074.44,3026.77,3050.67,3114.65,3144.70,3198.71,3272.10
,,,Haiti,988.95,965.29,1036.72,1029.83,1020.97,1063.71,1018.34,1082.92,1065.78,1094.57,1151.11,1213.21,1155.86,1093.41,1078.80,1059.12,1038.50,1015.06,986.04,974.00,964.55,942.27,964.30,895.00,827.37,712.07,764.90,779.02,783.01,783.31,787.94,779.42,757.28,741.91,731.15,692.84,693.07,697.11,709.58,705.28,716.69,686.35,718.97,733.55,757.58,770.40
,,,Honduras,1278.71,1288.92,1295.72,1319.89,1371.65,1507.99,1490.24,1592.74,1699.96,1803.55,1823.84,1769.53,1742.36,1658.68,1588.76,1600.12,1608.12,1562.42,1601.21,1622.45,1641.36,1595.66,1601.06,1642.29,1693.68,1622.85,1639.81,1650.58,1685.16,1686.95,1614.50,1662.06,1663.48,1682.95,1716.31,1779.86,1844.62,1922.43,1997.65,2038.89,1949.22,1982.54,2019.62,1923.23,1937.91,1970.40
,,,Jamaica and Dependencies,4006.19,4433.69,4489.03,5216.28,4836.30,4554.01,4469.55,4114.62,3964.21,3920.95,3830.51,3576.70,3623.05,3633.75,3690.15,3622.76,3508.35,3567.66,3842.25,3988.85,4261.75,4421.18,4614.04,4664.45,5042.21,5049.89,5100.25,5028.89,4912.75,4743.25,4740.30,4733.02,4751.48,4923.30,5051.22,5106.44,5080.30,5056.88,5086.01,5009.88,4752.28,4646.91,4691.21,4691.16,4717.45,4709.26
,,,Nicaragua,2603.59,2555.85,2556.16,2537.75,2622.99,2902.16,2806.79,2859.61,3000.25,2707.80,1932.22,1937.94,1974.52,1907.45,1950.98,1877.05,1763.12,1708.68,1658.67,1417.53,1358.15,1300.47,1231.95,1184.96,1137.76,1139.28,1175.79,1222.37,1244.48,1265.73,1329.54,1358.95,1374.88,1362.29,1374.66,1426.15,1466.40,1506.93,1566.23,1590.97,1528.74,1559.71,1638.82,1704.45,1762.61,1826.53
,,,Panama,3581.50,3705.10,3952.38,4022.96,4130.46,4113.67,4079.36,4048.32,3983.31,4294.02,4387.84,4341.02,4647.42,4798.50,4492.05,4521.04,4647.84,4716.74,4539.93,3855.71,3839.99,4070.80,4367.88,4634.08,4792.32,4834.91,4825.50,4865.92,5078.55,5347.05,5457.85,5506.04,5438.68,5465.24,5601.50,5924.73,6248.42,6672.46,7361.64,7910.34,8100.39,8448.21,9223.46,10024.96,10711.63,11217.16
,,,Puerto Rico,10376.80,11250.21,11773.65,12259.99,12963.71,13234.77,12930.78,13324.93,13867.18,14652.21,15558.42,16010.44,16047.64,15604.96,15069.32,15800.69,16135.65,16783.96,17591.60,18463.84,19096.04,19393.70,19420.89,20079.23,20677.79,21302.59,21966.85,22350.30,22842.30,24243.42,24620.79,24924.15,27320.47,27769.11,28082.78,28571.45,28775.39,28640.44,27850.56,27510.51,27007.86,26437.99,26086.50,25553.11,25593.13,25752.61
,,,St Kitts and Nevis,2447.56,2641.84,2805.44,2973.44,3151.89,3343.37,3546.07,3752.26,3959.20,4278.25,4701.71,5116.99,5184.16,5115.30,5082.47,5627.94,6010.04,6744.22,7374.94,8098.23,8772.30,9026.77,9117.19,9388.29,9889.55,10261.14,10508.52,11080.53,11700.76,11691.04,12157.40,12296.89,12761.17,12857.31,12408.93,12873.86,13955.71,14661.95,14960.41,15448.85,14461.36,13877.46,13996.01,13712.18,14114.51,14891.61
,,,St Lucia,2686.21,2719.00,2744.31,2774.98,2806.44,2842.14,2892.54,2917.84,2956.11,2993.54,3050.98,3030.75,3098.73,2728.60,2806.27,3416.76,3171.94,3596.94,3626.48,4028.27,4361.06,5346.28,5425.94,5731.94,5805.26,5812.78,5927.63,6178.06,6139.07,6472.59,6577.69,6815.23,6516.26,6477.77,6758.17,7276.83,7122.12,7679.01,7598.37,7828.37,7845.47,7732.30,7797.54,7643.58,7582.37,7434.87
,,,St Vincent and the Grenadines,1693.90,1891.53,1949.79,2417.44,2120.93,1910.43,1741.17,1897.30,1927.63,2131.40,2173.44,2192.01,2301.51,2381.26,2453.56,2570.64,2702.69,2857.72,2966.72,3379.54,3443.97,3596.31,3599.12,3860.54,3855.50,3734.38,3768.28,3819.63,4333.09,4565.87,4779.60,4751.24,4843.95,5166.64,5583.72,5837.81,6006.13,6489.85,6728.62,6863.25,6742.57,6538.00,6528.37,6625.64,6765.32,6754.52
,,,Trinidad and Tobago,6543.69,6831.16,6854.81,7149.97,7197.64,7392.30,7415.38,7777.96,8344.26,9036.40,9208.98,10002.86,10297.08,10527.60,9385.29,8688.49,8189.40,7794.36,7337.46,6973.73,6861.91,6926.40,7082.82,6948.99,6839.53,7082.44,7367.97,7670.02,7891.88,8522.02,8917.35,9485.90,9895.83,10716.38,12296.87,13301.49,14098.34,16063.52,16851.10,17443.83,16696.31,16748.26,16495.92,16762.25,17046.56,17354.89
,,South America,,4965.49,5169.21,5424.22,5659.78,6035.33,6305.04,6370.72,6649.21,6827.92,6837.44,7097.15,7349.84,6993.96,6769.12,6454.14,6576.09,6709.90,7066.07,7197.23,7099.69,6986.78,6794.12,6945.60,7017.33,7182.17,7393.66,7552.02,7629.12,7862.61,7827.38,7621.53,7777.66,7748.13,7653.36,7675.02,8120.02,8417.25,8771.65,9239.63,9575.44,9439.56,9936.12,10322.98,10491.07,10713.04,10658.94
,,,Argentina,7282.43,7390.78,7680.27,7674.30,7755.50,8045.36,7908.77,7617.89,8009.51,7521.36,8153.07,8351.54,7745.80,7240.89,7404.43,7458.77,6793.76,7217.47,7314.85,7022.41,6401.80,6160.47,6843.86,7556.77,7900.72,8256.31,7924.31,8266.38,8833.10,9068.75,8665.51,8502.22,8050.07,7115.43,7676.06,8281.69,8942.06,9587.46,10238.88,10440.79,10335.82,11195.16,12010.13,11985.12,12209.83,12149.26
,,,Brazil,4466.11,4729.18,5132.49,5609.89,6239.01,6640.24,6821.02,7314.11,7471.71,7528.82,7842.75,8351.86,7798.27,7662.48,7234.11,7444.86,7862.34,8316.76,8446.36,8277.02,8391.13,7988.69,7974.20,7807.65,8041.57,8338.57,8574.41,8631.16,8791.46,8693.33,8609.23,8857.65,8845.38,8994.22,8986.48,9377.70,9558.99,9829.73,10308.50,10715.32,10585.96,11281.99,11619.33,11721.74,11942.20,11862.28
,,Other South America,,4842.92,5008.75,5061.75,5061.75,5201.75,5294.20,5275.81,5453.37,5592.98,5697.14,5765.47,5691.20,5679.05,5422.07,5112.38,5137.18,5133.84,5339.09,5485.64,5546.68,5285.87,5392.58,5612.38,5816.73,5843.91,5907.96,6110.32,6142.76,6380.78,6353.98,6046.00,6169.68,6234.26,6054.37,5966.94,6440.79,6792.58,7179.32,7586.78,7871.38,7723.28,7871.12,8211.82,8521.80,8750.86,8737.12
,,,Bolivia,1487.11,1443.88,1480.05,1559.06,1608.37,1615.49,1691.95,1755.23,1797.52,1790.39,1751.60,1691.28,1664.15,1571.12,1482.60,1455.06,1406.41,1346.07,1353.46,1364.74,1385.59,1416.58,1456.27,1445.47,1472.81,1507.26,1543.53,1576.74,1620.29,1666.32,1638.68,1645.03,1638.27,1644.59,1654.97,1689.75,1730.05,1778.39,1824.79,1901.62,1930.48,1975.35,2042.39,2112.35,2218.59,2300.89
,,,Chile,4450.97,4463.23,4782.25,4660.59,4353.88,4386.56,3825.05,3890.19,4165.28,4413.36,4729.04,5039.94,5194.94,4579.54,4330.44,4598.59,4847.47,5037.49,5282.89,5574.23,6056.93,6168.09,6537.68,7210.60,7583.21,7884.05,8586.30,9087.68,9550.08,9723.31,9522.91,9830.31,10044.83,10151.98,10445.70,10969.31,11470.10,11863.08,12358.35,12642.58,12390.27,12979.68,13611.67,14226.35,14698.76,14850.41
,,,Colombia,2727.82,2841.26,2933.30,3081.28,3213.55,3321.92,3322.47,3410.00,3483.38,3710.79,3836.12,3909.40,3912.15,3862.52,3836.98,3878.42,3910.55,4048.65,4173.50,4249.23,4301.03,4466.46,4475.68,4607.22,4624.41,4801.27,4961.98,4986.72,5086.21,5046.42,4780.21,4947.04,4978.60,5040.12,5166.73,5366.32,5542.28,5834.93,6156.88,6294.90,6320.29,6492.85,6840.19,7036.02,7301.55,7551.50
,,,Ecuador,2450.27,2542.24,2623.79,2675.87,2961.55,3199.28,3449.20,3599.07,3553.25,3650.43,3681.47,3713.44,3815.61,3735.92,3624.70,3621.94,3666.49,3695.88,3592.04,3706.94,3649.54,3684.89,3801.80,3836.61,3839.60,3909.00,3907.26,3884.97,3961.68,4003.45,3746.04,3732.92,3826.48,3921.70,3952.41,4182.81,4309.39,4416.80,4443.96,4654.19,4610.33,4702.67,4999.42,5185.66,5350.53,5477.69
,,,Guyana,2049.35,2096.93,2120.14,2011.51,2002.96,2129.18,2301.69,2350.10,2304.33,2270.03,2223.92,2256.66,2282.67,1979.17,1846.44,1753.78,1795.46,1776.66,1788.92,1719.27,1629.94,1574.43,1670.85,1809.36,1959.08,2124.12,2225.79,2402.37,2553.78,2496.82,2546.78,2494.52,2548.86,2587.93,2572.17,2658.74,2617.49,2498.58,2697.24,2772.21,2884.45,3029.21,3210.52,3378.93,3565.72,3708.53
,,,Paraguay,1262.01,1297.35,1332.75,1383.30,1441.12,1516.94,1577.68,1657.89,1810.53,1986.87,2176.53,2377.88,2532.67,2431.80,2293.53,2292.26,2328.08,2374.11,2481.16,2552.64,2651.32,2681.82,2697.27,2666.80,2721.86,2789.36,2900.64,2869.42,2916.80,2851.97,2754.03,2637.32,2565.53,2517.81,2579.99,2638.78,2650.79,2734.41,2839.03,2975.66,2817.82,3144.30,3238.56,3158.08,3562.83,3673.12
,,,Peru,3260.34,3355.52,3399.06,3399.79,3483.79,3702.13,3725.02,3697.57,3615.68,3532.17,3640.59,3763.86,3870.01,3774.98,3308.20,3354.59,3351.57,3589.86,3855.51,3417.52,2933.41,2728.59,2730.82,2659.75,2741.78,3018.69,3182.69,3214.78,3366.75,3301.85,3303.00,3345.70,3321.90,3458.39,3558.17,3690.50,3877.76,4123.61,4426.93,4780.87,4780.53,5130.68,5405.52,5668.91,5935.98,6015.34
,,,Suriname,6440.77,6556.52,6733.27,6718.79,6699.55,7022.40,7610.32,7554.08,8138.72,8633.49,8167.19,7934.28,7798.41,7454.44,7057.41,6643.78,6397.32,6082.98,5172.69,5571.26,6110.01,6034.11,6180.61,6138.08,5673.33,5829.02,5828.47,5828.67,6071.88,6060.10,5897.76,5788.34,5951.65,6102.08,6361.18,6841.13,7043.85,7196.52,7433.24,7611.21,7719.64,8002.75,8313.09,8456.21,8597.09,8705.85
,,,Uruguay,5557.03,5642.78,5623.83,5542.79,5549.04,5701.46,6037.75,6237.24,6288.83,6586.16,6952.58,7317.32,7386.97,6620.74,5899.80,5794.69,5859.02,6347.05,6825.74,6898.17,6943.55,6932.73,7146.58,7681.88,7854.73,8391.20,8235.58,8656.20,9346.53,9723.04,9498.75,9281.16,8892.90,8178.97,8221.86,8612.60,9236.83,9596.61,10200.77,10907.86,11345.21,12203.44,12804.47,13198.88,13838.14,14285.68
,,,Venezuela,14862.18,15458.60,15133.48,14843.18,15394.04,15216.76,15170.25,15834.09,16301.71,16172.58,15814.54,14692.84,14255.00,13553.60,12667.34,12492.66,12183.24,12639.81,12756.24,13154.83,11726.20,12178.10,13048.73,13528.27,13273.52,12695.02,12937.66,12669.97,13235.46,13047.09,12068.00,12319.00,12549.57,11273.74,10249.58,11949.03,12991.74,14067.06,15073.81,15634.32,14907.90,14465.64,14844.84,15449.57,15430.88,14603.68
,Europe,,,14693.82,15569.22,16028.27,16653.69,17508.98,17816.51,17617.67,18316.39,18786.33,19309.44,19952.99,20178.83,20208.29,20360.85,20704.59,21197.66,21689.58,22206.02,22778.34,23639.25,24392.53,24955.99,25104.99,25222.73,25113.15,25768.10,26400.97,26886.01,27575.91,28358.92,29116.43,30166.37,30728.47,31020.82,31348.83,32049.25,32606.15,33611.82,34527.35,34586.51,33006.94,33609.53,34101.38,33876.12,33843.28,34195.97
,,European Union 28,,14497.12,15397.18,15847.14,16477.79,17352.08,17660.07,17491.78,18222.28,18691.25,19232.17,19883.79,20071.66,20089.99,20265.87,20613.28,21090.47,21561.85,22077.95,22667.33,23561.04,24289.80,24862.93,25028.81,25149.60,25028.14,25675.47,26312.37,26786.99,27458.89,28238.77,29021.40,30068.49,30628.96,30922.91,31260.38,31936.60,32469.25,33466.55,34359.79,34393.09,32773.16,33379.04,33876.07,33610.67,33550.72,33888.02
,,European Union 15,,17362.13,18490.09,19031.59,19809.54,20902.70,21273.05,21025.79,21928.26,22477.79,23129.78,23937.62,24197.88,24191.59,24384.72,24793.71,25360.94,25955.51,26588.34,27310.57,28421.71,29340.55,30069.54,30512.50,30724.67,30515.33,31254.66,31939.03,32427.97,33200.68,34120.72,35052.18,36272.76,36881.12,37136.07,37410.17,38075.55,38571.23,39606.48,40506.18,40392.80,38426.36,39099.51,39591.67,39200.27,39046.58,39350.81
,,,Austria,17892.95,19497.53,20403.56,21544.61,22473.37,23319.57,23296.49,24406.19,25636.16,25602.89,27020.37,27488.19,27393.40,27907.53,28819.87,28829.92,29528.23,30173.99,30540.48,31460.35,32562.97,33559.67,34290.78,34581.63,34443.40,35099.69,35947.05,36747.91,37516.21,38809.70,40125.82,41379.07,41792.90,42295.04,42419.90,43316.93,43970.62,45239.81,46724.83,47294.24,45380.52,46127.36,47391.59,47597.50,47429.56,47278.48
,,,Belgium-Luxembourg,19503.29,20839.46,21572.59,22638.42,24028.55,25036.28,24403.71,25696.12,25840.66,26569.77,27169.45,28293.38,28192.10,28356.04,28486.03,29245.17,29735.74,30398.09,31095.94,32579.59,33657.96,34639.13,35301.25,35689.46,35326.95,36333.38,37037.84,37507.18,38877.32,39707.59,41238.32,42735.68,43033.66,43613.45,43818.29,45169.57,45851.90,46837.74,48039.29,48079.68,46304.46,47171.94,47528.96,47117.64,46918.76,47099.94
,,,Belgium,18997.76,20356.90,21092.35,22125.60,23466.77,24464.24,23917.16,25227.42,25357.46,26057.13,26646.82,27803.90,27710.48,27864.31,27953.43,28643.51,29108.06,29627.83,30285.45,31671.61,32593.28,33509.26,34003.53,34382.63,33917.53,34882.38,35599.79,36068.62,37342.31,38027.22,39368.56,40655.24,40916.12,41417.69,41614.98,42860.43,43439.36,44301.06,45309.24,45387.71,43851.32,44583.61,44904.96,44558.12,44327.26,44446.61
,,,Luxembourg,33901.92,34551.64,35138.98,37003.68,39639.39,40773.88,37680.51,38442.84,38970.64,40485.91,41332.58,41520.24,41178.27,41608.18,42832.24,45434.04,46588.23,50982.91,52620.39,56471.65,61676.80,64051.62,68835.94,69139.14,71042.11,72720.17,72690.70,72750.73,76073.20,79970.36,85494.83,91431.06,92139.38,94171.17,94146.60,97397.81,99882.39,103108.20,108098.25,106709.87,99173.23,102397.72,102788.71,100213.82,99882.40,100532.37
,,,Denmark,29538.38,30330.98,31025.14,32136.09,33143.21,32720.08,32227.39,34105.33,34672.07,35350.74,36656.99,36433.93,36121.06,37490.13,38510.74,40135.96,41734.29,43741.28,43812.57,43728.81,43952.97,44586.85,45049.27,45787.82,45596.97,47957.24,49172.08,50314.84,51743.27,52700.46,54076.97,55921.52,56188.03,56251.88,56267.74,57547.21,58744.09,60769.44,61074.81,60452.76,57212.29,57983.26,58499.50,57973.98,57557.14,58078.04
,,,Finland,17105.91,18374.89,18784.24,20117.21,21400.27,21977.53,22275.11,22284.54,22275.52,22860.16,24425.73,25662.12,25883.73,26533.77,27199.33,27924.03,28793.68,29484.77,30445.36,31935.03,33452.88,33516.90,31362.52,30155.93,29793.73,30838.32,32018.56,33088.58,35060.69,36873.66,38429.39,40512.38,41463.93,42060.00,42796.68,44348.14,45425.96,47088.62,49322.03,49447.42,45141.66,46280.09,47249.16,46353.79,45530.91,45278.83
,,,France,18986.58,20122.99,20990.87,21751.94,22934.01,23758.76,23409.67,24327.07,25064.59,25954.38,26762.35,27050.66,27198.48,27729.86,27959.98,28224.59,28556.96,29105.64,29716.21,30976.97,32007.26,32741.94,32884.96,33213.06,32834.52,33446.77,33987.26,34303.09,34947.42,36024.31,37073.46,38308.87,38835.34,39043.01,39142.97,39998.38,40395.69,41096.25,41805.86,41647.88,40197.73,40760.10,41381.22,41245.46,41314.21,41196.38
,,,Germany,19373.58,19713.93,20183.20,20954.24,21890.49,22080.88,21968.46,23168.62,23986.45,24738.06,25759.75,26050.40,26153.55,26072.42,26554.80,27397.80,28097.14,28729.25,29130.27,30089.30,31017.54,32345.03,33740.63,34127.30,33578.63,34283.83,34764.12,34934.37,35519.66,36213.09,36909.77,37961.13,38540.44,38480.19,38181.58,38640.50,38936.08,40426.24,41803.68,42331.78,40056.26,41793.55,43385.67,43637.91,43769.45,44554.36
,,,Greece,12060.61,13353.84,14338.60,15693.07,16886.16,15740.92,16586.69,17489.93,17731.05,18771.01,19146.89,19088.13,18623.82,18305.39,18008.49,18283.90,18674.59,18718.23,18252.99,19019.97,19648.17,19456.46,19822.29,19816.91,19391.73,19690.76,20050.91,20600.33,21472.61,22306.31,22955.60,23815.79,24653.46,25379.51,27007.94,28288.04,28484.29,30085.15,31096.41,30910.54,29511.86,27871.34,25376.85,23692.18,22758.47,22929.16
,,,Ireland,12764.81,12893.88,13214.97,13858.09,14281.94,14647.32,15217.22,15188.06,16213.70,17158.13,17400.85,17763.67,18128.34,18347.28,18177.12,18834.24,19355.05,19269.43,20171.41,21285.76,22628.46,24579.28,24893.39,25530.51,26067.09,27435.64,29926.21,32444.64,35501.74,38053.12,41414.64,44795.95,46543.18,48503.71,49076.56,50207.08,51691.08,53128.95,54349.83,51786.53,47827.93,47253.33,48063.86,47395.38,46941.32,48613.02
,,,Italy,16353.83,17713.99,17921.03,18459.33,19619.08,20537.21,19982.89,21304.52,21764.00,22396.91,23677.87,24453.79,24637.87,24726.69,24975.50,25752.27,26458.38,27215.40,28087.77,29265.34,30256.84,30856.54,31330.53,31484.09,31118.47,31725.86,32586.79,32942.00,33496.10,33993.96,34471.65,35670.89,36211.34,36211.11,36105.17,36439.46,36584.98,37171.02,37495.13,36814.66,34583.61,35008.79,35059.65,33952.33,33255.73,33007.82
,,,Netherlands,21866.66,24528.10,25274.09,25900.25,27089.83,27809.75,27579.86,28565.34,29109.78,29716.79,30113.30,30270.46,29817.48,29314.50,29812.35,30599.99,31236.22,31928.98,32338.00,33233.03,34497.18,35692.46,36283.50,36638.65,36853.65,37679.17,38658.83,39662.33,41055.57,42598.43,44239.40,45856.27,46262.30,45964.15,45884.15,46593.49,47547.24,49299.61,51274.13,52151.29,50185.56,50467.47,51060.92,50020.27,49437.51,49655.87
,,,Portugal,7182.46,8418.05,9029.99,9775.55,10863.82,10840.21,10024.30,10481.14,11021.80,11289.90,11894.91,12373.08,12481.03,12735.16,12696.90,12441.63,12775.68,13290.98,14127.90,15177.81,16151.23,16790.05,17529.98,17705.48,17273.86,17336.42,18010.91,18577.25,19291.60,20080.75,20742.75,21419.61,21728.33,21796.50,21497.91,21795.46,21875.16,22131.81,22604.55,22577.31,21841.49,22198.48,21743.25,20826.43,20458.41,20612.92
,,,Spain,12847.34,13519.01,14015.77,15018.31,16037.66,16771.45,16682.57,17026.30,17297.11,17349.23,17198.28,17442.94,17298.73,17407.14,17622.08,17853.04,18185.95,18693.82,19642.92,20552.05,21455.85,22190.08,22691.23,22849.39,22565.05,23061.98,23664.05,24262.92,25103.49,26093.63,27124.82,28321.95,29126.56,29538.80,29989.60,30450.65,31075.43,31842.59,32472.74,32335.38,30920.57,30784.72,30431.76,29613.58,29047.09,29224.01
,,,Sweden,24021.88,26464.42,26531.25,27058.41,28082.01,28895.66,29517.56,29721.98,29143.55,29567.55,30636.51,31094.53,31198.37,31569.81,32155.29,33460.70,34127.47,34930.03,35941.48,36652.60,37374.40,37330.11,36615.81,35980.90,35035.08,36210.30,37470.66,37978.05,39055.95,40683.60,42492.72,44432.24,45006.08,45790.27,46708.79,48536.16,49704.66,51743.40,53111.76,52407.28,49269.11,51777.28,52759.09,52224.26,52487.53,53261.51
,,,United Kingdom,15997.41,17611.14,18134.68,18843.34,20028.58,19519.04,19219.68,19804.89,20328.84,21173.07,21927.70,21419.24,21211.92,21672.13,22569.25,23050.02,23804.38,24484.51,25762.52,27210.65,27820.01,27891.74,27468.97,27514.17,28184.33,29242.19,29888.81,30602.92,31303.89,32300.02,33188.16,34304.87,35079.69,35803.19,37204.25,37924.90,38756.98,39700.07,40447.14,40055.60,38109.95,38619.36,39035.61,39075.49,39507.65,40295.48
,,A13,,4661.92,4786.57,4924.83,5060.21,5204.20,5341.37,5490.77,5698.31,5956.83,6175.08,6353.24,6339.46,6473.34,6641.01,6833.46,7057.77,7168.48,7335.16,7518.56,7675.93,7735.79,7727.58,6902.50,6603.55,6641.80,6899.80,7294.14,7630.31,7873.88,8087.68,8264.57,8604.36,8876.25,9171.81,9585.57,10143.18,10652.53,11368.97,12094.04,12530.28,12074.44,12331.48,12736.13,12831.65,13014.74,13367.26
,,,Bulgaria,2694.69,2731.74,2772.20,2815.65,2858.18,2897.10,2941.99,2990.27,3036.73,3096.51,3156.72,3201.90,3348.99,3418.44,3528.49,3640.98,3732.29,3882.73,4111.76,4556.67,4402.82,4044.60,3754.38,3527.12,3564.09,3663.04,3803.81,3902.32,3899.23,4076.20,3879.40,4144.78,4336.05,4566.83,4849.80,5206.43,5556.01,5956.74,6409.68,6818.62,6509.50,6584.84,6752.42,6824.55,6935.87,7092.98
,,,Croatia,4946.05,5153.25,5404.76,5529.74,5661.28,5793.89,5932.92,6044.51,6460.86,6921.22,7273.60,7565.57,7733.21,7793.06,8039.04,8431.14,8813.76,8846.25,9079.09,8892.47,9068.01,12105.69,9484.82,8460.72,7795.48,8207.16,8799.91,9384.94,10052.38,10296.07,10227.08,10606.49,10900.87,11365.48,11952.46,12442.98,12963.86,13587.70,14292.05,14591.22,13520.28,13297.77,13269.45,12990.07,12880.81,12843.87
,,,Cyprus,4282.89,4492.49,4712.69,4933.77,5156.80,5397.44,6191.63,7586.62,8821.76,9456.93,10312.60,10789.42,10926.16,11453.49,11887.03,12706.02,13105.59,13370.52,14086.81,15060.00,15947.38,16709.93,16368.28,17401.74,17062.91,17645.81,18321.48,18253.98,18362.08,18997.30,19599.35,20422.93,20859.49,21208.79,21397.01,21824.15,22139.12,22683.75,23388.21,23828.15,22955.69,22896.48,22591.38,21711.99,20240.68,19496.41
,,,Czech Republic,8109.48,8369.97,8602.91,8835.34,9062.72,9283.36,9507.34,9740.15,9985.30,10242.73,10511.38,10805.87,11130.14,11467.92,11818.94,12181.71,12557.32,12947.36,13344.22,13754.02,14178.62,13980.43,12361.84,12286.65,12281.47,12634.22,13428.48,14019.91,13940.39,13909.51,14123.97,14747.02,15224.56,15497.04,16051.29,16831.19,17880.93,19048.73,19975.88,20340.46,19239.97,19620.71,19963.76,19767.81,19595.70,19952.71
,,,Estonia,6767.94,6873.40,6992.23,7126.30,7276.69,7441.32,7618.14,7799.53,7980.09,8168.63,8371.44,8213.73,8269.15,8678.17,8936.11,9117.37,9090.90,9120.87,9367.15,9592.19,9875.45,9187.27,8505.29,6840.06,6610.50,6607.78,7004.17,7513.76,8481.52,9139.20,9187.94,10152.50,10858.55,11609.27,12568.05,13473.37,14845.27,16499.59,17895.42,17002.09,14541.39,14953.94,16259.36,17125.98,17529.17,17996.57
,,,Hungary,5266.75,5496.05,5821.12,6158.84,6563.66,6920.85,7307.69,7530.08,8065.47,8391.85,8598.34,8605.17,8851.26,9108.10,9187.74,9450.85,9444.09,9605.42,10011.34,10167.92,10286.67,9951.94,8746.59,8490.62,8485.04,8763.51,8907.66,8929.36,9257.34,9674.50,10016.04,10465.65,10875.30,11383.00,11837.43,12428.23,12976.94,13506.45,13591.80,13730.02,12847.64,12968.24,13224.06,13051.65,13276.02,13786.88
,,,Latvia,4165.96,4463.36,4767.42,4971.34,5215.38,5421.87,5749.59,6035.58,6192.18,6362.10,6530.57,6769.24,7021.11,7143.18,7464.55,7838.62,7754.03,8056.40,8175.47,8543.42,9018.19,8314.04,7301.29,5027.75,4875.47,5068.70,5094.75,5282.18,5803.60,6226.58,6413.07,6806.00,7348.53,7944.60,8713.56,9593.69,10683.34,12033.79,13319.62,13031.69,11371.13,11283.57,12069.10,12809.16,13493.11,13961.05
,,,Lithuania,5730.86,5840.80,5945.70,6061.41,6186.73,6318.09,6456.67,6599.76,6747.45,6903.62,7067.30,7234.09,7399.56,7563.67,7728.09,7896.12,8067.77,8242.47,8418.90,8630.58,8879.86,9058.92,8588.33,6851.22,5841.34,5319.35,5513.81,5814.76,6258.32,6740.08,6667.65,6891.83,7385.71,7941.74,8830.06,9591.91,10520.08,11491.34,12925.22,13408.40,11556.71,12009.89,13056.05,13748.02,14339.54,14908.93
,,,Malta and Gozo,3243.13,3388.45,3472.68,3744.91,3870.99,4237.30,4999.40,5823.29,6479.46,7039.00,7618.47,7771.86,8036.96,8298.83,8351.15,8535.27,8865.43,9220.87,9533.28,10250.15,10983.29,11551.28,12156.45,12611.29,13029.98,13633.74,14372.01,14794.42,15450.54,16130.64,16796.56,17834.94,17472.22,17888.51,17836.76,17672.18,18242.61,18570.03,19284.40,19954.47,19317.57,20068.67,20271.79,20419.62,20938.17,21619.51
,,,Poland,3795.19,3883.07,3972.42,4062.83,4151.85,4240.59,4329.74,4420.68,4515.04,4613.66,4712.15,4814.01,4918.12,5024.68,5131.35,5242.36,5357.80,5482.49,5616.64,5771.07,5933.36,5925.17,5490.22,5611.06,5806.14,6100.67,6515.93,6917.22,7402.58,7768.58,8120.72,8469.14,8573.55,8701.29,9017.50,9486.78,9827.76,10440.92,11189.41,11616.58,11911.52,12344.18,12927.78,13163.01,13393.11,13853.58
,,,Romania,3887.24,3959.50,4038.67,4124.69,4218.59,4307.43,4395.44,4830.42,5310.03,5679.08,5922.22,5384.92,5395.31,5586.01,5913.38,6249.30,6224.41,6351.71,6378.11,6323.27,5934.85,5599.11,4885.45,4459.13,4532.74,4719.49,5067.57,5285.85,4977.51,4748.89,4699.23,4804.10,5084.19,5351.96,5643.23,6173.96,6453.38,7030.66,7485.74,8090.85,7557.55,7504.45,7696.90,7743.94,8036.31,8200.28
,,,Slovakia,6512.39,6645.17,6801.44,6955.61,7103.07,7252.51,7401.55,7552.50,7706.63,7866.42,8033.04,8209.11,8382.42,8582.87,8790.27,9010.44,9270.29,9605.29,9790.02,9934.42,10013.36,9712.65,8267.31,7680.68,7796.30,8246.51,8701.80,9269.74,9813.58,10191.87,10160.94,10275.49,10612.40,11111.25,11711.22,12321.35,13121.90,14202.33,15712.68,16556.31,15665.87,16404.57,16825.74,17077.47,17312.54,17723.06
,,,Slovenia,8420.26,8634.41,8849.25,9075.09,9307.09,9539.99,9784.69,10014.87,10250.94,10493.04,10735.44,10704.31,10997.84,11203.99,11444.11,11686.96,11936.33,12191.43,12479.74,12761.40,13059.94,15557.57,14114.31,13344.95,13719.49,14442.38,14955.06,15445.46,16201.65,16740.71,17633.72,18358.23,18893.86,19615.55,20172.04,21051.23,21898.29,23145.21,24765.40,25602.23,23629.71,23948.94,24132.37,23536.29,23347.20,24015.80
,,Other Europe,,18174.33,18602.95,19207.10,19728.79,20245.60,20538.18,19807.27,19953.16,20436.78,20646.40,21146.68,22030.68,22245.17,21989.42,22264.27,23022.39,23856.24,24371.82,24649.36,24952.52,26114.46,26513.38,26383.48,26464.38,26570.84,27362.66,27927.46,28586.64,29582.45,30418.62,30740.73,31840.22,32435.45,32703.77,32871.88,33992.01,34972.37,36128.92,37436.38,37946.31,37065.16,37605.73,38001.52,38464.20,38893.51,39506.16
,,Other Western Europe,,40728.14,41802.18,43292.17,44568.46,45831.45,46648.95,45154.51,45843.43,47253.34,47894.81,49263.16,51289.33,51845.91,51183.40,51875.36,53815.82,55923.18,57166.58,57795.02,58436.69,59776.20,61069.85,60862.38,61099.97,61250.77,62493.08,63352.47,64650.61,66748.50,68390.62,69297.19,71415.78,72293.84,72421.02,72367.50,74442.50,76183.88,78233.94,80430.77,80657.83,78192.75,78818.95,79086.40,79639.50,79956.06,80826.32
,,,Iceland,14433.31,15869.52,17769.14,18579.84,19555.74,20387.48,20264.45,21267.05,22966.97,24156.72,25088.28,26249.87,27056.14,27261.81,26332.81,27138.82,27811.24,29361.04,31651.78,30964.18,30692.79,30811.18,30489.51,29212.75,29340.66,29850.55,29723.15,30974.98,32234.29,33958.00,34953.17,36120.17,36983.64,36809.75,37537.76,40270.23,42022.39,42786.65,45777.33,45447.48,42959.57,41711.24,42588.41,42919.96,44006.95,44266.36
,,,Norway,31569.94,32262.57,33868.57,35402.18,36748.97,37954.47,39614.76,41726.37,43279.20,44782.51,46581.72,48551.79,49158.34,49093.38,50875.05,53802.24,56621.50,58709.88,59460.28,58990.22,59357.12,60277.89,61849.64,63692.43,65115.63,68018.30,70478.68,73647.68,77110.38,78651.23,79683.58,81706.37,82989.12,83729.66,84005.74,86816.13,88488.72,89879.51,91558.65,90770.92,88178.61,87609.57,87314.55,88540.14,88066.39,88946.39
,,,Switzerland,47264.49,48548.90,49919.76,51049.82,52282.55,52888.04,49468.76,49314.91,50650.13,50727.67,51841.97,53935.68,54450.88,53377.96,53441.45,54802.50,56515.01,57215.98,57708.70,59112.64,61123.63,62686.99,61381.26,60692.43,60071.84,60347.94,60272.29,60427.37,61709.57,63395.79,64211.16,66426.25,67064.95,66828.11,66536.40,68125.37,69904.18,72413.46,74902.05,75787.77,73380.96,74803.41,75374.84,75485.68,76253.30,77128.07
,,Other Central Europe,,2220.79,2251.50,2279.77,2312.54,2350.38,2385.77,2421.52,2458.30,2496.01,2535.52,2576.10,2639.12,2692.52,2740.64,2784.72,2821.39,2869.59,2934.27,2977.25,3019.87,4023.09,3739.87,3348.56,2664.27,2121.16,2221.69,2380.87,2618.14,2816.60,2987.66,2885.40,3080.59,3216.56,3394.55,3541.83,3803.95,4011.22,4230.74,4502.76,4770.31,4692.68,4766.59,4849.71,4828.66,4950.87,4963.65
,,,Albania,1873.37,1880.85,1893.27,1904.54,1935.96,1951.43,1967.23,1983.69,2000.85,2019.01,2038.28,2059.05,2135.11,2153.93,2133.81,2064.40,2058.03,2131.69,2073.72,2004.18,2160.71,1924.23,1382.07,1328.09,1458.30,1556.56,1737.34,1868.55,1666.61,1885.66,2092.69,2266.05,2448.20,2543.57,2713.40,2896.16,3076.77,3250.76,3458.91,3728.87,3855.99,3993.02,4084.11,4139.10,4185.85,4252.95
,,,Bosnia Herzegovina,287.36,293.53,297.94,302.49,307.58,312.81,318.03,323.55,329.23,335.39,341.96,360.21,367.67,376.69,386.19,395.99,406.09,416.62,427.56,438.84,450.70,463.23,476.07,514.48,573.83,758.88,939.55,1769.16,2356.63,2700.55,2884.16,2972.20,3089.30,3249.40,3365.22,3539.04,3700.52,3928.63,4200.03,4430.97,4304.26,4336.66,4381.06,4331.51,4443.02,4503.13
,,,Macedonia,3215.93,3238.23,3259.42,3281.51,3304.49,3326.43,3349.29,3372.69,3398.99,3430.01,3458.26,3481.98,3521.39,3562.35,3619.86,3681.97,3741.95,3806.07,3871.82,3945.43,4017.12,4133.16,3864.93,3569.81,3254.59,3168.50,3102.69,3112.30,3135.23,3223.92,3347.85,3483.60,3361.07,3400.31,3467.84,3621.15,3782.59,3966.64,4212.41,4431.26,4403.83,4539.95,4634.46,4602.15,4713.95,4880.92
,,,Serbia,3093.84,3147.74,3202.76,3270.96,3340.66,3411.89,3484.68,3559.07,3635.09,3712.78,3792.17,3873.31,3956.24,4043.89,4133.71,4225.87,4320.81,4420.07,4524.01,4632.26,6764.97,6218.31,5635.04,4125.70,2869.21,2942.97,3126.35,3195.34,3431.16,3523.02,3094.35,3366.37,3560.65,3816.07,3989.37,4357.59,4611.51,4854.56,5160.45,5461.75,5316.34,5372.52,5473.37,5443.08,5608.96,5532.67
,Former Soviet Union,,,4558.09,4658.83,4754.94,4852.53,4955.86,5062.29,5170.62,5282.01,5397.22,5516.61,5640.52,5766.72,5893.85,6024.07,6153.46,6284.65,6413.90,6543.85,6718.31,6872.27,6819.82,6568.60,6153.27,5272.48,4766.40,4109.21,3892.68,3755.87,3808.14,3657.80,3867.04,4237.04,4498.38,4741.73,5113.55,5525.17,5903.26,6421.78,6989.38,7347.65,6837.58,7155.18,7476.40,7716.04,7856.52,7918.27
,,,Russia,6357.29,6520.05,6684.14,6849.48,7019.37,7191.84,7363.77,7536.75,7713.14,7894.79,8084.89,8282.47,8486.07,8691.26,8894.38,9101.43,9316.70,9536.70,9764.80,10004.65,9892.11,9555.07,9052.88,7729.82,7057.64,6164.99,5904.13,5697.76,5786.22,5487.64,5856.87,6470.82,6833.76,7197.49,7764.90,8364.71,8940.31,9708.80,10559.24,11117.14,10242.76,10699.16,11155.49,11536.04,11692.12,11769.50
,,,Ukraine,2493.23,2550.51,2607.23,2666.07,2729.19,2795.68,2864.70,2937.69,3015.07,3096.47,3179.93,3264.42,3352.71,3445.31,3539.53,3634.90,3734.45,3838.58,4038.49,4125.63,4278.89,3998.00,3654.10,3290.86,2821.71,2185.08,1933.10,1754.67,1716.96,1698.85,1710.87,1829.45,2018.08,2142.73,2362.90,2668.40,2760.26,2981.89,3236.76,3329.23,2849.15,2980.66,3146.97,3161.03,3168.20,2981.98
,,Other Former Soviet ,,2167.02,2201.99,2220.51,2240.41,2268.60,2301.28,2335.50,2371.13,2409.83,2451.08,2493.96,2534.95,2568.20,2606.46,2643.27,2681.59,2698.48,2706.94,2796.69,2868.94,2826.21,2786.21,2524.30,2142.51,1922.23,1665.11,1543.30,1559.50,1607.60,1640.74,1699.63,1814.28,1966.04,2099.75,2259.94,2453.40,2699.85,3010.75,3321.36,3524.02,3580.32,3795.54,4008.38,4168.32,4372.84,4534.24
,,,Armenia,1446.74,1457.98,1467.02,1475.05,1483.69,1494.58,1509.49,1524.67,1538.73,1555.20,1572.82,1589.63,1605.88,1621.80,1638.90,1656.19,1674.63,1694.99,1716.72,1739.11,1887.33,1801.42,1564.08,931.14,895.23,982.07,1072.58,1139.19,1179.83,1268.58,1311.35,1390.53,1523.69,1726.37,1973.49,2181.64,2486.24,2817.09,3207.02,3430.69,2947.35,3014.44,3158.60,3388.83,3510.76,3634.26
,,,Azerbaijan,3267.80,3297.41,3325.61,3358.53,3396.84,3438.34,3484.49,3534.13,3583.54,3632.75,3686.20,3728.98,3769.53,3810.59,3851.50,3889.37,3932.11,3980.97,4029.62,3964.32,3419.77,2977.83,2916.58,2223.25,1683.27,1332.45,1160.85,1163.27,1217.99,1326.05,1410.64,1553.40,1693.33,1858.59,2051.19,2241.03,2804.54,3732.46,4617.77,5061.29,5480.04,5687.44,5633.29,5698.81,5968.44,6027.45
,,,Belarus,1799.54,1838.53,1879.94,1923.76,1968.80,2014.89,2064.81,2118.40,2171.95,2224.33,2278.47,2333.79,2388.86,2446.12,2504.76,2564.24,2625.67,2690.05,2758.62,2829.32,2906.95,2992.06,2954.79,2665.27,2457.29,2172.35,1952.74,2014.18,2253.13,2451.30,2541.72,2697.24,2834.28,2990.61,3217.40,3603.71,3962.23,4377.53,4768.84,5266.78,5285.87,5704.60,6032.41,6148.28,6225.70,6336.29
,,,Georgia,1885.12,2092.45,2122.84,2162.61,2284.01,2465.08,2629.50,2771.51,2942.70,3143.85,3357.02,3491.80,3655.84,3708.50,3845.63,4030.14,4203.86,3840.94,3874.59,4028.14,3684.39,3120.42,2462.33,1371.72,988.69,907.00,949.85,1072.31,1196.97,1242.73,1286.42,1319.13,1389.89,1471.61,1642.68,1741.75,1890.17,2050.07,2306.17,2359.85,2255.74,2373.79,2526.46,2676.18,2769.57,2905.27
,,,Kazakhstan,4000.65,4059.48,4116.45,4175.77,4238.38,4301.52,4376.44,4465.31,4555.52,4642.21,4727.56,4810.12,4892.53,4977.86,5066.50,5157.23,5251.56,5349.07,5446.66,5569.13,5708.24,5740.33,5070.45,4784.05,4359.91,3865.29,3607.49,3659.76,3764.68,3742.48,3875.65,4261.50,4821.53,5272.20,5733.35,6242.05,6790.59,7442.84,8018.53,8188.71,8181.99,8665.43,9197.07,9537.06,9986.81,10293.26
,,,Kyrgyzstan,758.92,764.42,771.04,778.00,785.26,791.83,799.31,807.82,816.96,826.82,837.24,846.09,854.33,861.80,868.14,874.26,880.86,911.34,919.86,1022.21,1034.16,1073.43,975.09,831.59,704.47,563.89,528.14,557.66,604.56,608.90,622.58,649.18,678.27,673.13,713.99,756.07,747.33,763.34,821.81,883.60,899.01,886.13,931.96,923.36,1014.67,1040.70
,,,Moldova,1479.83,1506.46,1529.96,1554.17,1580.97,1609.36,1639.34,1672.92,1709.53,1750.29,1794.16,1918.93,1891.13,2097.92,2174.52,2230.84,2095.02,2241.73,2250.71,2249.87,2325.23,2261.90,1897.16,1344.54,1328.88,920.11,910.74,867.58,887.53,837.26,816.71,842.77,903.93,985.45,1062.95,1154.96,1256.01,1332.20,1389.32,1514.36,1439.16,1557.32,1674.11,1679.34,1855.88,1961.10
,,,Tajikistan,1772.98,1754.71,1731.06,1707.03,1689.42,1671.22,1653.96,1637.89,1623.09,1611.48,1600.96,1591.01,1581.01,1569.99,1557.81,1544.20,1364.94,1368.76,1310.88,1451.00,1319.12,1280.36,1159.79,809.55,671.10,522.70,451.94,370.84,370.69,382.59,388.48,412.69,446.94,486.54,530.54,574.63,601.76,631.90,668.43,707.71,720.88,753.55,794.49,838.56,884.48,927.15
,,,Turkmenistan,1950.05,1950.58,1952.34,1954.95,1959.11,1961.13,1963.10,1968.91,1976.88,1985.70,1995.85,2006.78,2018.61,2031.57,2044.95,2059.44,2073.43,2084.05,2733.38,2963.89,2774.12,3667.29,3417.35,2841.42,2819.46,2281.65,2078.53,2183.56,1907.95,2013.85,2312.27,2404.93,2476.03,2450.40,2500.78,2596.00,2899.50,3179.75,3490.93,3958.27,4152.10,4482.58,5083.28,5583.57,6083.04,6633.17
,,,Uzbekistan,894.36,885.97,875.18,864.46,854.87,845.25,836.66,829.06,822.85,817.66,813.05,809.50,805.53,800.99,796.47,791.72,786.32,780.84,931.20,995.30,1005.14,996.51,966.71,836.56,798.19,740.74,719.32,717.35,741.16,760.64,781.81,800.49,823.25,845.38,870.86,928.07,982.86,1043.97,1131.80,1226.37,1313.17,1411.51,1514.38,1623.23,1736.73,1860.01
,Asia and Oceania,,,1519.97,1520.57,1554.61,1620.06,1702.18,1679.71,1708.77,1745.64,1802.89,1873.48,1933.72,1974.09,2026.93,2069.24,2116.37,2196.53,2291.59,2349.49,2431.18,2572.38,2665.96,2766.43,2839.21,2896.59,2957.44,3042.21,3143.88,3253.52,3331.27,3284.13,3354.89,3466.01,3518.17,3605.77,3728.69,3890.24,4052.96,4250.51,4499.38,4615.01,4658.72,4956.47,5140.38,5334.87,5541.97,5731.81
,Asia,,,1346.57,1340.80,1372.13,1434.70,1515.18,1488.03,1519.61,1555.85,1612.21,1685.17,1741.81,1780.21,1830.33,1870.61,1925.01,1999.88,2089.49,2143.20,2224.51,2360.00,2450.67,2548.83,2627.12,2687.24,2741.99,2821.11,2917.77,3022.17,3094.88,3040.58,3101.84,3207.19,3257.37,3337.86,3455.68,3609.67,3767.26,3960.67,4203.40,4313.37,4355.95,4653.23,4834.03,5021.25,5224.64,5410.18
,Asia less Japan,,,397.16,425.43,436.22,441.73,465.59,474.05,495.21,510.20,540.73,577.32,593.34,618.85,643.97,666.22,707.17,750.42,783.60,825.12,878.56,944.31,984.89,1027.24,1080.54,1155.04,1233.97,1326.56,1419.50,1508.92,1580.35,1577.00,1663.18,1756.30,1821.03,1917.65,2030.99,2170.84,2330.09,2520.19,2752.95,2898.69,3043.32,3296.62,3503.85,3684.38,3883.31,4089.20
,,East Asia,,2254.20,2221.81,2279.94,2406.64,2551.76,2489.37,2536.85,2600.62,2696.63,2827.53,2954.92,3012.80,3111.60,3193.66,3286.02,3440.23,3633.97,3739.04,3894.55,4138.32,4296.59,4472.52,4626.11,4728.66,4822.79,4957.64,5121.98,5308.34,5463.43,5425.33,5539.01,5758.29,5883.24,6060.20,6292.04,6589.28,6885.04,7261.41,7736.39,7971.53,8033.17,8615.93,8981.72,9363.27,9769.01,10126.80
,,East Asia less Japan,,307.87,348.05,367.05,379.18,408.32,415.43,437.89,452.12,487.30,535.00,570.46,593.43,622.64,660.29,717.51,797.44,863.81,936.37,1029.25,1118.38,1159.38,1205.47,1295.97,1418.61,1553.54,1705.94,1848.94,1987.50,2125.45,2186.85,2341.81,2518.95,2661.98,2862.86,3070.32,3322.79,3612.80,3975.47,4425.38,4740.77,5041.11,5517.47,5946.85,6308.37,6700.34,7106.03
,,,China,193.27,224.62,234.03,237.00,250.02,250.55,267.41,258.96,274.63,303.15,321.69,342.33,355.57,381.66,416.13,472.74,529.02,567.32,622.62,680.99,698.41,714.66,770.76,870.44,980.79,1097.10,1205.17,1312.42,1421.70,1521.88,1626.79,1753.29,1888.25,2049.04,2242.81,2456.12,2720.46,3048.99,3463.03,3776.24,4103.98,4518.40,4923.87,5281.04,5661.13,6050.23
,,,Hong Kong,5438.15,5796.18,6086.24,6616.94,7258.60,7249.76,7159.14,8091.42,8910.63,9473.53,10006.26,10727.44,11448.86,11605.00,12113.18,13191.02,13148.86,14421.81,16178.67,17418.83,17713.77,18304.21,19132.48,20057.74,20928.00,21707.66,21660.13,21996.05,22746.77,21249.47,21600.89,23047.67,22972.95,23196.94,23777.21,25652.98,27323.88,29031.18,30693.76,31201.28,30423.84,32526.93,34088.17,34569.68,35469.92,36201.85
,,,Japan,18315.46,17924.14,18526.38,19805.63,21097.65,20563.81,20931.50,21531.61,22260.26,23221.64,24288.51,24776.84,25627.26,26312.13,26932.18,27955.16,29548.51,30200.58,31286.69,33380.03,35031.30,36854.69,37949.27,38132.07,38087.22,38321.39,38978.29,39903.42,40441.02,39532.96,39368.01,40173.30,40210.49,40243.72,40863.84,41782.18,42319.32,43031.63,43957.26,43496.42,41119.23,43074.33,42916.19,43703.59,44448.82,44454.68
,,,South Korea,1775.22,1960.35,2122.76,2219.00,2504.67,2690.77,2839.99,3170.10,3488.70,3787.35,4048.78,3910.75,4135.33,4409.54,4874.32,5289.15,5628.58,6254.97,6953.37,7688.61,8126.93,8795.49,9544.93,9980.72,10499.88,11315.74,12220.77,12994.40,13641.78,12766.52,14034.90,15159.11,15731.26,16808.03,17221.42,17990.79,18637.76,19554.25,20568.47,21093.89,21186.39,22503.86,23275.64,23757.63,24398.36,25162.40
,,,Taiwan,1920.61,2079.15,2288.44,2534.22,2777.49,2773.33,2871.81,3194.30,3472.91,3867.06,4095.38,4295.28,4489.01,4585.27,4887.56,5266.67,5409.95,5936.97,6502.56,6788.61,7399.04,7879.67,8413.68,8967.41,9478.36,10092.71,10637.45,11137.93,11650.42,11949.97,12561.23,13181.61,12871.18,13473.87,13900.03,14720.06,15351.29,16133.23,17116.02,17177.61,16850.69,18592.36,19259.16,19604.57,19986.03,20686.04
,,Other East Asia,,2052.14,2102.47,2159.17,2223.51,2287.41,2350.49,2416.29,2487.99,2564.48,2637.57,2707.01,2788.86,3033.08,3340.29,3520.83,3685.03,3695.74,3893.20,4174.33,4352.77,4393.11,4445.99,4312.60,4481.29,4538.89,4640.91,4754.25,4692.67,4666.57,4496.45,4403.36,4543.04,4625.31,4924.10,5405.17,6533.17,6963.03,7727.12,8596.59,8840.53,8785.24,10607.34,12597.60,13637.57,14913.91,14912.78
,,,Macau,6587.11,6807.20,7166.11,7676.16,8220.33,8803.85,9431.24,10113.57,10850.87,11544.55,12118.65,12643.25,13156.49,14732.29,15374.38,15926.26,15677.97,16387.98,18105.87,18980.25,19397.73,20323.07,20374.07,22378.44,22986.21,23453.75,23723.36,23104.53,22671.17,21391.09,20576.87,21549.95,22019.90,23751.03,26427.25,32717.49,34109.03,37043.42,40247.60,40076.30,39730.73,49932.84,60030.83,64963.80,71273.44,70428.61
,,,Mongolia,1101.75,1116.84,1130.92,1144.95,1157.93,1169.63,1182.12,1196.97,1213.52,1228.93,1244.12,1266.15,1473.98,1560.70,1613.84,1670.04,1724.70,1843.19,1863.49,1914.29,1919.53,1813.33,1618.92,1442.06,1376.38,1387.33,1453.81,1464.53,1501.50,1531.86,1559.39,1559.26,1587.02,1642.70,1738.46,1902.58,2018.42,2165.88,2357.88,2533.34,2465.61,2582.97,2983.00,3300.21,3631.08,3860.82
,,Southeast Asia,,733.55,768.02,796.46,831.39,886.29,920.51,944.70,996.36,1049.28,1106.85,1159.90,1209.88,1253.71,1268.91,1316.76,1343.09,1330.75,1359.82,1413.95,1502.83,1602.85,1698.55,1787.86,1873.98,1975.64,2092.61,2222.77,2343.68,2406.90,2178.93,2221.60,2319.40,2328.12,2402.26,2491.02,2618.08,2736.49,2861.71,3014.87,3108.69,3124.73,3326.37,3446.72,3606.61,3752.20,3881.88
,,,Burma Myanmar,406.30,418.70,431.41,444.44,454.83,469.03,483.60,498.54,513.86,530.95,547.27,562.67,579.81,597.44,615.41,633.72,652.44,671.60,691.28,759.44,771.84,766.74,810.58,854.79,876.28,894.63,937.03,967.46,1017.50,1039.53,1135.08,1222.23,1086.66,1113.26,1093.24,1226.58,1359.62,1439.37,1592.60,1635.01,1698.62,1769.79,1853.36,1967.90,2107.95,2247.31
,,,Cambodia Kampuchea Khmer,128.18,133.43,140.29,146.09,151.75,157.83,168.24,183.32,199.05,216.04,228.28,234.24,239.43,243.99,248.34,255.44,263.16,267.55,270.93,292.50,291.90,284.91,295.83,302.98,296.59,313.25,325.72,335.86,347.56,358.17,393.89,421.61,448.65,471.53,504.05,548.15,612.02,667.84,724.24,759.51,746.83,777.81,818.75,863.88,912.01,960.18
,,,Indonesia,584.48,619.70,650.05,687.54,739.86,784.90,816.40,847.04,900.66,962.73,1009.47,1075.15,1138.94,1128.31,1199.44,1260.55,1279.81,1331.40,1376.93,1438.52,1541.70,1651.46,1768.21,1863.95,1966.04,2079.24,2216.16,2345.41,2416.29,2066.59,2050.58,2117.86,2163.63,2229.38,2303.82,2387.07,2491.68,2595.30,2725.93,2855.37,2953.09,3101.99,3258.01,3418.62,3573.21,3716.51
,,,Malaysia,1849.92,1916.11,1983.42,2123.02,2322.14,2463.03,2431.32,2656.47,2803.84,2930.17,3138.35,3300.83,3424.36,3518.00,3625.30,3792.23,3641.56,3577.89,3664.31,3915.97,4168.81,4440.15,4733.26,5021.07,5381.99,5730.56,6137.86,6584.23,6884.68,6212.56,6425.41,6813.99,6680.16,6882.20,7105.65,7410.42,7657.47,7943.19,8298.04,8552.01,8283.25,8754.59,9063.22,9426.71,9723.53,10157.59
,,,Philippines,1196.23,1208.15,1240.20,1273.78,1351.89,1364.67,1404.94,1489.81,1533.13,1571.01,1616.74,1656.11,1671.35,1689.58,1680.35,1519.92,1373.98,1385.80,1411.14,1472.15,1527.69,1537.39,1494.85,1469.43,1469.93,1501.81,1536.60,1588.72,1633.81,1589.96,1604.57,1639.58,1649.73,1673.65,1720.98,1798.33,1846.34,1905.21,1992.33,2036.57,2024.74,2142.99,2185.25,2297.19,2422.60,2528.46
,,,Thailand,813.32,880.68,896.92,909.72,977.31,996.16,1021.76,1092.53,1174.87,1269.70,1310.37,1348.21,1398.46,1444.10,1495.71,1552.96,1596.97,1657.19,1785.27,1990.15,2197.94,2406.24,2577.65,2749.68,2938.54,3162.64,3412.31,3571.11,3483.60,3084.99,3192.92,3318.54,3364.11,3515.82,3740.49,3953.14,4111.23,4296.99,4490.27,4579.03,4452.10,4779.76,4764.40,5054.15,5180.86,5198.88
,,,Vietnam,372.61,372.88,373.34,373.99,374.51,374.57,374.80,375.06,375.08,376.29,378.57,380.71,382.03,383.17,384.14,382.33,388.09,390.17,395.23,406.57,425.53,437.99,454.77,484.62,514.15,549.76,592.22,637.49,679.43,708.76,732.77,772.26,809.54,849.61,896.76,952.13,1010.98,1068.29,1130.59,1180.42,1229.83,1294.30,1360.21,1416.41,1477.73,1550.33
,,Other Southeast Asia,,3670.33,3962.72,4233.67,4575.38,4877.81,5121.77,5200.54,5668.99,6051.28,6449.49,7176.53,7470.41,7488.58,7718.27,8085.69,8465.97,8291.57,8219.07,8756.89,9314.41,9844.14,10414.91,10733.43,11126.86,11907.22,12736.42,13220.43,13825.17,14501.26,13885.06,14361.01,15215.90,14811.70,15137.69,15505.36,16540.58,17362.55,18492.68,19676.08,19623.41,19161.83,21504.33,22402.45,22753.03,23306.64,23625.57
,,,Brunei,42170.03,41388.37,39836.69,39652.68,39845.60,42292.41,41023.75,47644.46,51079.04,52716.60,62480.28,56125.64,43221.72,43569.18,42486.75,41472.46,39613.97,37355.87,36941.43,36243.04,34836.53,34236.52,34446.32,35202.21,34359.42,34505.96,35113.88,35197.79,33817.63,32825.74,33042.76,33211.61,33368.29,33912.57,34166.69,33656.20,33149.92,33976.52,33415.10,32183.21,31059.97,31315.66,31836.61,31596.38,30525.26,31613.97
,,,Laos,429.61,429.44,429.27,429.11,428.83,428.31,427.55,434.30,438.63,442.15,448.37,454.03,457.21,456.40,454.54,427.29,439.07,447.72,429.07,408.76,453.80,470.79,477.39,489.95,504.53,530.57,552.14,578.28,604.91,615.18,645.38,668.68,694.14,724.74,758.38,793.68,836.93,894.60,945.87,1001.67,1057.59,1127.71,1197.85,1272.54,1358.48,1436.51
,,,Singapore,5803.05,6506.88,7160.47,7979.86,8703.68,9113.69,9395.53,9959.12,10557.36,11338.19,12250.57,13309.16,14025.33,14370.94,15381.39,16405.42,16253.60,16468.36,17949.50,19425.28,20763.07,22178.59,22873.98,23712.96,25628.34,27575.72,28665.28,29969.11,31581.84,30091.04,31147.36,33098.58,31948.77,32425.45,33019.75,35307.58,37065.88,39427.01,42052.69,41860.81,40738.34,45995.23,47857.10,48504.65,49668.86,50135.94
,,South Asia,,369.84,381.80,376.08,362.10,367.22,367.05,385.29,386.34,402.12,417.07,395.66,413.55,427.55,434.59,454.17,462.96,477.54,490.03,499.98,531.50,549.11,567.31,567.15,587.53,600.90,624.41,654.58,685.81,698.20,723.48,765.28,781.93,801.31,816.39,860.66,910.54,975.16,1043.09,1120.36,1146.60,1216.39,1307.97,1370.91,1421.28,1494.24,1579.26
,,,Bangladesh,382.26,392.26,361.02,303.86,306.56,326.05,306.28,316.68,315.06,327.16,332.64,325.54,326.08,325.96,331.55,340.39,344.79,352.17,358.46,360.37,364.07,378.04,385.38,399.90,412.08,421.33,435.87,448.24,460.63,476.30,490.03,507.10,523.63,534.19,549.73,568.62,595.68,625.11,658.55,687.09,710.44,738.41,773.98,811.60,846.89,884.49
,,,India,366.03,376.27,373.87,363.52,367.17,363.48,388.31,386.52,406.20,420.99,391.08,409.11,424.84,430.64,452.63,460.14,474.37,487.12,496.46,533.64,554.48,574.04,569.53,589.43,605.86,634.16,669.59,706.98,722.36,753.47,805.92,822.69,848.06,865.94,919.02,976.22,1050.42,1130.47,1223.04,1252.33,1339.34,1456.35,1532.05,1588.66,1676.38,1778.08
,,,Pakistan,375.60,407.18,398.27,391.37,408.73,413.00,420.57,432.66,439.07,461.03,462.39,509.63,515.20,530.67,550.35,563.84,590.45,604.23,623.40,650.35,662.51,672.27,686.47,723.31,721.01,729.75,746.33,761.36,749.87,750.74,759.89,771.21,764.60,772.15,795.20,838.08,886.06,923.86,951.33,951.33,962.22,962.05,972.99,991.51,1019.43,1058.52
,,Other South Asia,,393.72,399.12,395.97,393.25,402.19,410.99,420.24,426.07,434.47,445.24,456.98,470.90,505.67,530.72,540.92,559.80,574.34,588.97,593.61,604.47,608.10,630.06,647.73,646.05,645.61,653.48,661.80,670.34,689.18,699.31,709.88,736.18,731.31,732.56,753.07,772.87,809.13,844.85,897.77,936.81,982.87,1040.50,1094.68,1158.15,1200.40,1250.02
,,,Afghanistan,283.23,287.38,291.08,294.34,297.18,299.69,301.88,303.76,305.35,306.66,309.94,329.70,372.83,416.25,432.21,431.93,430.94,441.32,454.30,460.96,459.84,467.85,474.45,441.01,397.81,373.42,362.14,357.05,352.41,347.67,342.12,344.40,349.86,339.54,347.52,341.73,370.73,379.51,427.98,438.34,515.99,547.27,568.30,636.17,634.13,632.27
,,,Bhutan,332.00,341.51,351.43,361.80,372.63,383.92,395.66,407.87,420.56,433.76,447.47,370.30,407.27,406.83,437.60,442.03,445.58,481.82,600.42,610.71,637.81,689.77,675.63,734.19,781.19,822.68,893.96,945.35,979.67,1019.11,1081.34,1136.76,1209.84,1318.30,1397.43,1457.69,1538.90,1621.27,1885.92,1949.87,2053.14,2265.46,2414.62,2507.11,2528.74,2656.37
,,,Nepal,286.35,288.14,279.16,282.42,275.63,287.28,285.56,291.96,294.42,300.79,301.19,287.63,304.44,308.47,292.03,312.41,323.30,329.47,326.40,342.32,347.66,354.02,366.30,370.20,373.13,392.28,394.20,403.66,412.90,414.75,422.89,439.19,450.87,443.03,452.44,465.94,475.29,484.75,494.65,517.97,534.51,552.73,563.09,580.56,591.83,613.03
,,,Sri Lanka,605.21,615.43,611.33,597.36,628.25,642.29,670.89,681.70,704.58,731.00,762.80,793.48,824.50,847.63,881.47,921.87,959.84,987.76,991.38,1004.01,1014.34,1068.11,1107.93,1143.27,1204.93,1253.72,1305.55,1339.51,1408.49,1458.60,1503.27,1572.69,1530.55,1573.61,1647.64,1717.75,1809.59,1928.40,2039.73,2141.26,2197.75,2350.88,2520.81,2656.03,2823.03,3004.56
,,Oceania,,19813.08,20525.43,20888.03,21325.38,21670.58,22211.11,22048.96,22264.86,22523.80,22431.25,22993.25,23294.25,23653.94,23950.35,23269.81,24020.60,24804.30,25408.08,25613.29,26450.73,26894.51,27250.23,26693.68,26459.59,27243.97,28024.92,28708.40,29391.82,30020.11,30779.75,31909.23,32638.03,32841.46,33628.44,34223.10,35140.03,35778.87,36318.55,37115.41,37720.95,37771.79,38015.38,38435.28,39318.75,39829.56,40389.26
,,,Australia,24539.69,25715.06,26173.02,26702.03,26979.38,27632.66,27651.89,28074.27,28759.12,28661.66,29465.06,29961.10,30329.47,30843.62,29789.59,30842.05,32079.02,32959.91,33316.80,34680.64,35427.27,36081.30,35414.07,35114.60,36132.88,37227.97,38254.32,39283.07,40345.69,41668.20,43266.80,44416.25,44707.23,45862.22,46720.52,48106.31,49071.33,49904.67,51131.94,52374.56,52641.77,53043.35,53648.99,55019.87,55776.35,56534.31
,,,New Zealand,20458.74,19950.35,20365.30,21014.62,22175.35,22996.42,22167.66,22119.92,21173.00,21234.32,21708.29,21948.26,22859.54,22846.61,23342.94,24167.78,24367.96,24901.28,25049.77,24896.33,24815.39,24587.08,24027.24,24028.11,25257.20,26179.06,26961.48,27523.60,27756.71,27731.92,29111.10,29768.94,30505.18,31498.19,32442.53,33278.36,34072.88,34657.19,35316.82,34404.06,33992.13,34167.01,34615.06,35061.66,35623.47,36494.92
,,Other Oceania,,1471.80,1567.31,1614.29,1661.62,1737.23,1745.96,1708.60,1659.59,1660.20,1709.63,1755.82,1672.24,1653.03,1604.97,1596.95,1605.44,1602.44,1645.02,1615.58,1615.18,1608.88,1592.11,1629.81,1747.26,1899.23,1964.34,1923.33,1995.42,1912.63,1858.26,1881.24,1815.58,1784.72,1766.35,1788.02,1830.91,1845.99,1886.93,1945.89,2011.40,2008.60,2092.61,2231.73,2309.86,2379.16,2486.67
,,,Fiji,2015.04,2205.62,2304.49,2426.90,2650.27,2675.89,2638.71,2669.20,2759.16,2757.63,3037.65,2931.57,3058.02,2822.25,2658.01,2823.70,2641.91,2790.57,2581.78,2582.41,2749.29,2882.85,2780.40,2924.24,2960.62,3084.82,3134.95,3258.55,3159.61,3172.07,3423.64,3340.96,3383.42,3466.29,3473.27,3628.07,3624.05,3658.87,3592.97,3594.55,3512.23,3585.11,3652.31,3690.20,3789.74,3905.65
,,,Maldives Islands,752.64,793.99,834.66,882.20,939.41,1000.32,1059.13,1121.45,1187.44,1258.06,1336.47,1418.48,1504.15,1593.50,1686.56,1783.45,1998.08,2098.53,2193.57,2291.28,2407.19,2706.05,2616.88,2666.69,2711.57,2847.14,3121.30,3279.62,3552.77,3824.74,3956.30,4027.49,4037.71,4193.82,4682.16,5225.86,4679.38,5420.11,5720.02,6000.86,5490.02,5895.28,6544.55,6651.44,7173.39,7723.55
,,,"Micronesia, Federated States of",2753.71,2724.80,2696.19,2667.89,2622.35,2612.97,2586.54,2560.41,2534.51,2508.87,2483.51,2458.38,2429.72,2400.66,2370.23,2340.30,2313.04,2157.38,2103.37,2080.02,2078.84,2084.64,2177.54,2205.48,2326.32,2580.37,2749.14,2651.59,2481.03,2546.10,2574.73,2686.65,2729.00,2742.09,2790.22,2699.64,2759.09,2757.03,2703.70,2638.97,2670.09,2744.81,2809.43,2830.86,2727.44,2741.09
,,,Papua New Guinea,1262.99,1362.53,1410.61,1453.48,1513.11,1516.52,1465.47,1380.81,1357.63,1436.22,1425.38,1356.32,1319.78,1291.74,1300.08,1262.83,1279.98,1305.74,1307.32,1310.42,1258.05,1188.03,1266.96,1404.00,1615.25,1665.41,1567.16,1643.46,1537.65,1441.01,1429.71,1358.28,1322.38,1287.64,1283.68,1287.40,1337.40,1337.17,1401.19,1461.69,1518.93,1602.13,1737.80,1841.86,1907.05,2014.15
,,,Samoa,2681.86,2649.47,2620.54,2591.16,2600.75,2617.73,2628.87,2649.09,2632.49,2518.48,2761.54,2560.68,2302.31,2206.03,2216.62,2245.07,2332.01,2458.51,2466.75,2424.85,2505.66,2384.11,2317.06,2296.90,2372.07,2292.94,2425.63,2577.74,2572.04,2605.76,2640.61,2800.01,2967.77,3068.33,3177.50,3293.83,3398.77,3432.92,3616.88,3623.55,3424.13,3420.76,3596.70,3589.89,3499.85,3520.89
,,,Solomon Islands,560.55,583.73,606.63,629.30,653.59,679.56,705.47,733.20,758.12,784.89,813.59,844.31,876.77,910.67,946.08,983.03,1021.55,1061.71,1103.74,1147.82,1194.03,1242.42,1275.94,1393.43,1404.51,1487.21,1561.35,1539.54,1473.17,1456.46,1408.62,1174.19,1051.00,994.12,1030.77,1053.25,1082.17,1128.59,1181.73,1235.43,1149.62,1200.98,1326.15,1357.83,1369.09,1360.93
,,,Tonga,2449.66,2485.37,2522.12,2556.95,2595.84,2644.85,2676.93,2725.19,2789.87,2856.39,2924.87,2588.02,2250.89,2343.70,2376.24,2407.99,2549.93,2589.90,2654.50,2594.86,2597.13,2537.52,2693.72,2693.89,2787.79,2918.90,3020.43,3014.52,2996.80,3056.36,3152.88,3236.89,3331.15,3422.67,3474.67,3480.29,3514.88,3457.82,3282.82,3348.25,3371.95,3501.01,3562.12,3573.84,3472.47,3542.98
,,,Vanuatu New Hebrides,2430.60,2429.06,2423.94,2421.10,2415.25,2411.72,2405.53,2401.67,2397.75,2391.63,2382.69,2049.75,2074.26,2230.69,2467.62,2628.87,2581.89,2508.71,2371.09,2269.21,2244.38,2444.11,2459.66,2464.36,2426.86,2589.22,2560.94,2567.90,2641.54,2703.16,2662.76,2746.22,2581.20,2385.90,2424.63,2457.44,2523.09,2669.47,2740.31,2848.79,2875.76,2857.47,2828.96,2817.92,2813.98,2851.10
,,Other Asia/Oceania,,874.53,918.12,949.84,989.35,1035.87,1071.38,1086.09,1133.42,1178.27,1229.40,1313.51,1357.95,1425.87,1508.82,1572.71,1639.54,1627.33,1643.39,1723.50,1810.53,1882.27,1978.09,2041.52,2089.40,2166.54,2259.37,2317.13,2393.57,2475.78,2403.84,2462.93,2587.37,2551.22,2587.64,2645.52,2817.67,2957.30,3140.64,3364.80,3417.48,3401.78,3786.50,4011.96,4143.55,4287.05,4370.01
,Middle East,,,4854.40,4993.11,5308.15,5746.18,5990.11,6401.00,6471.25,7052.05,7109.53,6876.02,6980.38,6850.42,6729.04,6423.64,6274.47,6169.47,5989.67,5834.79,5855.46,5760.52,5735.91,6180.63,6144.48,6271.67,6443.59,6374.45,6611.47,6844.14,7078.99,7217.03,7126.11,7415.38,7248.73,7329.10,7495.88,8063.02,8423.64,8823.85,9108.66,9265.26,9048.67,9392.01,9826.31,9893.68,10011.23,10087.92
,,,Iran,3395.24,3623.90,3979.66,4498.76,4615.00,4904.14,5035.54,5755.00,5503.52,4928.94,4416.01,3677.01,3339.35,3617.77,3913.53,3703.54,3637.98,3183.52,3026.34,2739.50,2817.81,3083.66,3334.50,3375.07,3280.32,3250.24,3297.13,3482.52,3549.91,3597.53,3621.12,3761.44,3849.00,4093.99,4352.56,4533.66,4687.94,4903.08,5151.21,5164.42,5216.64,5493.37,5639.19,5203.69,5041.03,5052.13
,,,Iraq,1527.35,1544.50,1574.24,1579.60,1595.41,1791.86,1949.70,2209.79,2178.07,2459.71,2867.96,3452.31,3309.54,3309.62,2782.91,2649.65,2596.86,2624.94,2817.89,2735.12,2569.61,3928.44,1464.89,1898.19,2397.87,2413.60,2387.90,2567.42,3013.66,3934.18,4476.82,4392.74,4347.29,3905.05,2518.85,3750.16,3783.43,4123.06,4203.28,4377.63,4449.62,4537.62,4825.11,5193.72,5369.87,4846.55
,,,Saudi Arabia,13711.67,14458.95,16423.36,19201.88,22869.39,27216.43,26221.70,27744.52,27789.86,25672.17,26243.46,26132.84,25758.18,21776.88,18952.94,17380.51,15532.99,15508.28,14290.74,14843.25,14293.09,15260.41,16399.50,16399.26,15868.16,15477.01,15051.16,15126.30,15107.37,15145.31,14674.30,15036.25,14782.75,14484.01,15271.92,16356.44,17215.16,17849.81,18590.96,19818.78,19853.46,20473.19,22167.58,23006.56,23265.63,23714.67
,,,Turkey,3911.59,3947.05,4073.18,4269.10,4292.67,4417.02,4615.13,4982.14,5041.85,5011.42,4879.71,4667.03,4766.64,4810.84,4925.95,5132.22,5228.38,5473.46,5866.76,5879.53,5778.29,6193.68,6129.64,6333.19,6710.48,6298.96,6691.95,7077.90,7501.46,7562.61,7203.11,7582.13,7051.17,7385.89,7673.95,8285.39,8868.65,9363.47,9683.44,9634.57,9066.98,9789.80,10536.45,10633.84,10935.51,11103.61
,,Other Middle East,,7153.39,7225.70,7452.59,7712.43,7637.37,7680.47,7622.39,8067.90,8322.62,8305.54,9007.80,9232.44,9016.30,8440.82,8307.95,8349.06,8100.96,7625.41,7715.20,7464.15,7634.67,7854.66,8045.59,8021.96,8336.65,8610.74,9166.04,9298.22,9483.16,9513.31,9439.65,9875.77,9765.30,9687.77,9983.70,10450.17,10742.43,11111.68,11214.92,11327.05,11009.89,11075.93,11166.75,11370.16,11575.75,11811.50
,,,Bahrain,27704.47,27504.09,27339.15,27241.37,26846.18,26360.92,25813.13,24908.49,23387.23,22005.51,21550.25,21935.91,19858.23,17663.68,18080.04,18282.80,16774.64,16347.87,17399.78,17978.81,17429.35,17589.26,18933.77,19618.40,21557.42,20940.49,21218.79,21557.64,21701.26,22218.11,22639.39,23296.97,23265.35,22664.71,21994.00,21667.31,21420.50,21220.80,21471.39,21705.77,21536.01,21789.43,21612.90,21785.15,22357.22,22782.39
,,,Israel,11049.52,11505.92,12400.07,13645.53,13655.99,14199.95,14373.81,14269.95,13975.92,14348.84,14903.52,15572.01,16101.00,16152.19,16430.24,16284.52,16549.46,17042.09,17958.29,18013.18,17862.03,18558.33,19246.26,19596.20,19956.32,20606.26,24265.91,24916.13,25212.69,25628.86,25889.51,27485.12,26911.30,26393.86,26173.34,26972.40,27620.94,28685.94,29936.66,30433.19,30453.67,31610.54,32325.76,32682.30,33138.98,33479.91
,,,Jordon,953.07,1149.34,1329.63,1494.05,1643.69,1779.99,1882.82,2256.11,2317.70,2706.62,2852.09,3258.96,3273.25,3373.05,3307.68,3459.20,3446.76,3555.69,3532.30,3350.50,2800.12,2615.93,2392.78,2665.29,2706.40,2772.21,2881.55,2871.27,2895.74,2912.73,2941.77,2995.36,3080.65,3184.76,3242.54,3441.78,3640.65,3679.98,3733.50,3916.62,4050.48,4065.01,4092.67,4172.17,3962.43,3719.00
,,,Kuwait,80903.25,77105.54,78226.38,76952.99,69020.86,58822.44,50967.28,52249.17,49045.76,49478.01,52961.53,39641.30,30698.77,25744.36,27185.02,27360.28,24751.51,25734.56,26682.17,23030.52,27841.00,23518.44,49618.38,31256.35,39479.30,40437.66,40134.35,38605.38,38220.94,38382.56,36584.78,37216.15,36461.88,36553.96,41752.50,45036.48,48270.05,50551.03,52251.14,52283.82,47494.74,45382.85,48747.04,50981.67,50795.13,51025.54
,,,Lebanon,3510.89,3524.49,3537.14,3551.84,3568.34,3586.44,3633.18,3704.54,3769.34,3827.26,3878.21,3925.84,3973.89,4022.57,4072.11,4122.78,4174.92,4230.15,4290.16,4632.69,2628.42,3261.39,4421.03,4563.65,4830.35,5164.20,5449.85,5679.46,5504.04,5657.92,5591.97,5603.48,5734.95,5837.66,5935.42,6283.44,6357.15,6330.40,6747.78,7212.48,7864.94,8461.17,8593.09,8590.97,7764.78,6932.55
,,,Oman,7726.13,8538.81,8354.75,8880.14,7366.45,7954.05,9581.53,11025.01,10599.88,9682.75,9585.19,9647.44,10713.37,11369.74,12656.23,14141.00,15485.27,15214.39,14168.78,14482.83,15615.21,15050.86,15351.72,16013.32,16348.18,16473.04,16796.47,16827.41,17368.40,17374.60,16932.49,17434.72,17813.97,17245.07,16443.70,16329.90,16418.38,16977.36,17403.50,18476.86,19230.59,19759.75,19155.33,20098.85,20461.60,20922.40
,,,Syria,1080.37,1006.29,1068.72,1292.20,1142.87,1371.91,1585.79,1701.69,1624.94,1708.87,1712.94,1855.37,1965.23,1933.34,1889.47,1746.83,1786.84,1637.62,1609.52,1759.41,1547.56,1606.22,1675.10,1846.70,1889.34,1979.53,2037.29,2070.35,2052.24,2125.79,1998.03,2001.44,2053.91,2122.90,2085.44,2177.42,2259.29,2278.96,2271.98,2302.26,2416.84,2451.85,2124.91,1755.15,1557.19,1595.97
,,,United Arab Emirates,169504.98,151541.03,134212.06,117664.80,118585.82,117238.64,107269.47,109226.90,116027.00,100243.82,106779.26,116900.93,114405.82,100355.38,89935.80,88065.08,79974.48,64105.16,62641.34,57531.05,60901.83,67952.69,64628.86,62905.88,59968.92,60373.40,60773.92,60795.53,62260.18,59163.76,57741.71,60763.05,58556.83,57102.96,59238.06,61977.80,62145.90,65390.19,64768.46,64270.34,58653.11,57490.50,58272.13,59096.66,60356.43,60812.47
,,,West Bank,2536.70,2497.82,2457.79,2414.92,2364.56,2301.31,2258.30,2229.88,2194.00,2156.36,2123.28,2096.78,2073.80,2040.45,1992.87,1947.14,1902.15,1857.70,1808.98,1757.48,1713.52,1660.64,1593.24,1526.61,1464.25,1540.26,1546.33,1556.16,1819.93,2220.80,2539.84,2220.10,2016.18,1928.81,2045.97,2164.58,2336.42,2168.75,2072.34,1842.81,2170.26,2163.86,2275.74,2540.77,2373.21,2282.47
,,,Yemen United,975.40,984.79,990.02,995.38,999.00,1002.75,1006.53,1003.85,1002.31,1001.14,1000.12,999.10,997.93,996.49,994.69,992.29,989.04,984.94,980.00,974.18,966.67,978.54,1002.47,1045.35,1046.64,1077.50,1105.06,1122.06,1146.45,1179.13,1186.78,1223.03,1231.91,1242.11,1251.36,1263.83,1295.05,1296.44,1300.14,1312.58,1326.93,1331.64,1098.11,1092.40,1105.40,1096.26
,Africa,,,1289.13,1363.51,1392.77,1412.82,1428.67,1483.50,1467.93,1520.72,1531.23,1511.58,1539.47,1556.73,1508.89,1492.26,1455.52,1462.25,1458.92,1422.52,1388.17,1410.80,1426.61,1431.79,1403.55,1367.86,1340.26,1343.97,1353.50,1394.97,1409.33,1422.91,1435.10,1451.81,1472.07,1487.63,1528.09,1628.97,1677.69,1741.66,1810.21,1856.74,1862.82,1912.39,1891.90,1943.47,1966.29,1985.69
,,North Africa,,1412.51,1470.88,1399.31,1505.27,1505.85,1525.19,1591.23,1734.80,1818.82,1882.00,1960.48,1984.23,1937.11,2009.38,2046.63,2084.29,2114.37,2097.99,2070.68,2121.48,2186.58,2235.83,2247.31,2278.34,2267.73,2322.04,2350.76,2467.81,2499.90,2587.35,2685.58,2734.17,2789.62,2823.98,2946.78,3024.31,3137.46,3247.42,3356.19,3451.56,3494.75,3583.00,3330.07,3541.54,3518.43,3480.91
,,,Egypt,797.81,827.23,840.42,842.11,831.97,835.32,891.86,1001.07,1099.08,1126.68,1158.89,1233.75,1234.85,1313.05,1367.97,1407.75,1455.65,1449.54,1463.88,1518.66,1570.94,1631.51,1620.94,1669.96,1695.66,1739.61,1796.03,1859.99,1919.90,1954.52,2029.57,2093.05,2120.97,2125.00,2146.20,2186.60,2236.07,2338.90,2452.52,2573.84,2639.77,2720.06,2715.36,2721.55,2726.62,2735.27
,,,Morocco,1000.71,1022.05,1052.51,1055.69,1071.55,1109.53,1169.63,1270.55,1321.61,1325.09,1361.92,1385.35,1338.17,1448.58,1426.01,1480.94,1525.65,1636.18,1580.94,1737.09,1751.21,1766.28,1865.86,1780.47,1732.53,1899.35,1750.27,1954.75,1886.65,2007.98,1990.90,1995.91,2119.17,2162.00,2270.37,2350.86,2392.58,2548.68,2587.98,2702.02,2799.40,2869.98,2980.94,3028.21,3127.99,3175.03
,,Other North Africa,,2716.06,2838.03,2545.16,2879.46,2870.14,2885.69,2955.33,3168.37,3251.05,3410.25,3583.21,3526.71,3406.56,3442.29,3490.85,3503.53,3498.25,3387.44,3303.59,3267.80,3373.92,3421.31,3401.45,3469.30,3420.05,3411.07,3507.22,3642.46,3702.79,3848.93,4058.05,4118.46,4177.73,4257.71,4546.08,4684.21,4944.92,5044.94,5193.93,5242.04,5220.09,5332.42,4491.53,5127.89,4980.12,4818.22
,,,Algeria,2670.66,2823.14,2432.76,3010.58,3035.52,3168.09,3227.50,3394.22,3464.78,3670.02,3826.72,3738.81,3731.72,3846.34,3927.17,4018.92,4041.14,3943.68,3812.95,3670.23,3731.24,3667.22,3534.05,3507.00,3349.76,3247.41,3303.79,3377.71,3358.89,3476.75,3536.22,3562.92,3674.57,3825.40,4042.90,4154.96,4337.72,4345.01,4415.92,4423.96,4412.06,4484.23,4521.19,4581.29,4620.46,4719.94
,,,Libya,6970.99,7037.30,6345.03,5240.97,5004.56,4041.60,4144.83,4916.61,5222.41,5257.23,5689.07,5469.08,4249.96,3939.08,3740.09,3311.86,2980.96,2706.17,2553.79,3179.34,3770.99,4331.82,4864.89,5373.20,5859.70,6324.60,6822.25,7364.32,7829.00,8207.06,9430.07,9557.95,9186.16,8908.72,9864.88,10100.55,11079.66,11575.09,12080.74,12175.79,11861.94,12237.15,4917.00,10330.07,8351.41,6098.77
,,,Tunisia,1201.35,1232.21,1336.41,1542.09,1497.35,1580.33,1649.62,1732.38,1747.99,1820.78,1895.81,1985.03,2042.96,1994.11,2049.19,2069.08,2132.77,2050.86,2137.13,2092.59,2087.62,2211.82,2255.85,2388.11,2397.68,2433.04,2452.72,2591.36,2696.65,2791.94,2928.49,3033.97,3128.13,3148.86,3283.95,3432.67,3528.45,3691.36,3882.48,4025.79,4129.14,4220.98,4158.38,4310.16,4376.84,4435.90
,,Sub-Saharan Africa,,1258.94,1337.30,1391.18,1390.44,1410.05,1473.47,1438.35,1469.58,1462.65,1423.17,1438.87,1454.32,1406.28,1368.57,1314.16,1312.57,1301.19,1260.17,1225.53,1242.91,1248.80,1245.25,1209.65,1160.85,1131.41,1125.39,1132.66,1159.99,1171.98,1171.13,1166.72,1178.73,1193.77,1207.77,1233.59,1341.83,1379.90,1437.13,1500.11,1539.42,1540.76,1585.33,1613.39,1637.07,1670.73,1703.22
,,,Republic of South Africa,5910.30,6061.14,6158.50,6104.07,6223.64,6438.82,6386.62,6369.26,6207.99,6238.95,6317.17,6563.68,6705.32,6471.26,6153.38,6264.91,5995.24,5851.24,5832.85,5936.96,5941.68,5792.84,5613.62,5386.90,5343.13,5423.46,5521.51,5688.02,5764.76,5715.76,5778.49,5945.87,6029.88,6168.71,6260.28,6453.15,6699.71,6982.06,7261.74,7395.67,7187.65,7342.09,7529.22,7628.16,7720.88,7752.59
,,West African Community,,1059.13,1234.02,1337.23,1339.37,1356.69,1445.05,1353.75,1424.35,1462.01,1386.10,1424.71,1413.83,1245.97,1202.11,1118.31,1077.54,1119.12,1031.32,935.96,964.18,987.80,1043.75,1019.35,997.66,990.83,978.35,967.87,993.30,1002.46,1011.18,1001.66,1016.33,1031.07,1037.74,1091.16,1320.22,1333.47,1392.45,1440.85,1488.97,1536.66,1605.28,1640.56,1679.51,1730.51,1790.36
,,,Benin,614.70,611.63,586.91,608.31,614.19,617.69,571.53,560.74,572.33,563.25,583.07,604.02,644.25,638.88,592.73,620.41,646.70,640.50,611.76,613.39,577.72,610.27,616.46,615.04,621.16,606.25,624.83,632.43,647.99,652.36,665.28,675.24,694.37,701.92,706.26,705.74,702.54,705.85,716.52,730.02,727.36,724.58,726.64,744.01,763.81,782.38
,,,Burkina Faso (Upper Volta),284.59,281.65,282.32,285.24,282.68,301.74,306.07,326.94,321.11,328.41,332.56,327.26,332.96,355.84,348.15,333.26,352.27,369.97,358.36,367.43,363.36,349.53,368.83,357.58,357.83,349.92,357.52,384.57,396.36,412.41,429.03,423.18,434.24,433.50,450.14,455.90,480.22,494.61,506.56,526.86,525.88,552.89,571.03,589.45,609.78,615.40
,,,Cape Verde Islands,387.16,399.47,416.57,438.46,461.84,487.23,513.58,540.20,566.41,593.99,622.43,651.57,697.80,708.34,765.44,783.49,839.38,851.52,875.87,915.38,954.07,947.70,941.41,1016.06,1075.14,1248.40,1390.65,1511.68,1641.49,1806.83,1968.12,2205.05,2211.48,2284.61,2337.53,2531.52,2661.64,2827.80,3205.30,3365.66,3272.76,3271.96,3352.77,3340.70,3328.09,3371.67
,,,Cote D'Ivoire,1690.99,1772.79,1843.08,1828.42,1849.06,1847.95,1920.26,2078.53,2140.71,2281.13,2246.34,1925.17,1919.04,1852.84,1716.33,1610.13,1622.64,1616.03,1553.37,1515.55,1505.45,1422.17,1362.89,1320.80,1276.56,1240.43,1287.12,1347.08,1361.45,1396.60,1383.70,1320.76,1289.79,1241.27,1198.62,1184.77,1178.66,1171.37,1166.68,1170.70,1183.11,1181.67,1106.43,1199.89,1284.25,1372.32
,,,Gambia,412.52,423.92,410.10,397.95,420.87,433.06,473.02,493.49,496.08,512.56,491.50,507.61,509.69,491.55,529.69,526.06,500.54,499.81,491.25,492.34,500.13,496.81,491.34,487.18,481.75,464.09,451.30,445.62,452.39,453.94,469.06,481.38,495.88,467.21,486.33,507.12,489.39,482.25,487.14,502.24,521.53,542.21,506.51,523.79,536.52,523.63
,,,Ghana,951.20,1069.83,1091.32,1031.53,1029.33,1072.37,919.51,867.67,868.00,922.56,883.21,872.92,826.77,751.31,670.95,690.44,702.01,708.73,724.53,747.11,767.00,774.82,798.11,811.68,830.33,838.38,857.77,882.18,903.30,928.46,951.07,967.07,985.72,1008.62,1038.35,1073.20,1111.92,1156.99,1204.63,1278.05,1293.56,1365.00,1522.08,1626.77,1708.08,1740.87
,,,Guinea,396.25,400.71,405.17,409.64,414.11,418.58,423.04,427.48,431.92,436.35,440.77,445.16,449.53,453.87,458.18,451.45,441.09,388.03,391.12,405.63,411.50,407.63,390.58,388.64,397.23,400.37,405.53,409.55,425.83,434.89,437.75,438.18,450.62,468.14,461.25,460.66,465.04,466.86,463.97,475.10,461.92,458.73,464.21,469.93,468.22,454.68
,,,Guinea Bissau,528.67,560.23,535.50,567.74,566.88,586.45,594.49,579.78,529.17,588.45,589.87,484.76,559.94,570.23,538.31,573.92,584.13,566.15,569.07,581.38,602.35,623.95,640.20,628.28,621.68,623.16,635.32,695.08,722.99,507.87,501.51,516.97,517.13,501.79,494.70,498.46,509.71,511.15,516.78,522.55,529.04,541.48,578.71,554.69,545.70,548.82
,,,Liberia,928.43,961.49,979.06,989.44,938.30,953.40,896.95,919.92,909.53,927.25,930.72,867.03,823.71,779.83,742.12,704.50,677.24,645.38,619.11,587.53,417.31,234.40,236.94,147.38,95.81,76.33,73.74,81.31,154.51,178.90,207.01,249.68,295.85,379.82,253.58,238.36,249.02,257.75,283.39,297.71,325.17,350.79,372.55,400.01,446.69,476.12
,,,Mali,392.66,407.63,408.86,423.08,407.50,392.11,427.59,474.51,497.47,480.22,519.38,486.81,455.84,425.79,437.03,446.66,387.63,411.42,400.50,397.81,434.86,418.10,415.73,438.75,419.51,413.37,431.79,437.54,454.90,470.31,487.74,488.80,531.97,537.83,560.84,556.12,572.37,602.93,610.10,621.35,629.53,646.13,643.91,622.16,616.57,641.54
,,,Niger,560.04,564.60,583.62,541.27,439.00,466.76,443.32,435.96,458.71,508.57,532.39,508.45,499.62,495.79,461.06,374.33,393.55,408.43,398.76,415.72,408.39,391.64,389.91,353.91,348.29,351.25,349.00,349.27,347.72,371.76,357.64,341.00,352.93,351.12,356.98,344.86,347.68,354.77,352.96,373.27,357.79,374.50,370.26,400.25,404.85,418.74
,,,Nigeria,1340.45,1627.56,1805.72,1812.42,1854.73,2001.67,1841.14,1948.00,2004.12,1833.34,1900.51,1921.32,1618.71,1554.09,1445.53,1389.64,1466.90,1304.63,1134.17,1188.23,1232.56,1354.33,1311.70,1284.09,1278.07,1257.68,1223.02,1252.94,1257.20,1260.80,1236.59,1270.51,1293.34,1307.91,1405.55,1830.58,1845.15,1946.08,2026.56,2099.60,2189.00,2301.73,2354.28,2394.39,2461.59,2553.03
,,,Senegal,917.88,967.58,937.51,967.24,886.49,896.22,941.17,1002.75,953.65,894.59,934.38,881.41,903.06,949.40,876.17,885.85,891.31,895.02,924.43,894.40,901.96,869.00,866.86,854.42,843.60,822.26,844.45,839.71,844.81,872.14,905.99,913.49,931.06,913.07,948.63,977.69,1005.42,1003.06,1025.05,1035.17,1032.91,1049.43,1043.97,1052.88,1062.63,1077.09
,,,Sierra Leone,438.56,468.97,477.63,474.33,477.34,486.05,484.90,473.66,464.97,467.16,478.93,492.41,496.60,509.85,488.79,498.00,461.29,456.60,478.47,434.27,427.07,424.25,423.54,350.17,367.68,371.55,350.33,363.11,345.88,353.88,347.82,363.80,318.25,379.03,397.98,410.96,419.13,432.23,457.49,472.15,476.84,491.46,509.30,573.67,673.56,704.15
,,,Togo,653.09,623.98,606.40,634.24,639.99,651.93,648.89,617.50,641.62,692.11,637.13,708.16,661.00,615.37,561.92,572.67,583.69,572.59,555.75,572.34,575.38,554.90,533.07,495.52,422.87,482.63,493.14,512.43,564.27,534.60,532.37,513.45,491.06,473.31,483.30,479.98,474.07,480.59,477.20,473.86,476.35,481.68,491.42,506.34,517.88,532.77
,,Other Sub Sahara,,735.56,741.55,757.76,762.74,770.24,796.68,800.39,814.85,803.06,778.80,772.37,773.38,777.07,770.30,769.65,771.45,759.19,765.34,770.85,773.10,772.18,755.15,737.47,701.35,664.04,655.15,669.41,688.79,702.35,708.48,706.71,706.14,721.12,732.57,740.87,771.79,809.25,848.51,905.25,937.29,940.85,969.86,989.47,1007.12,1034.41,1059.33
,,,Angola,3184.75,3172.07,3140.52,3111.99,3089.24,3154.29,3251.27,3259.92,3182.13,3157.81,3113.99,3020.12,2749.53,2675.09,2684.48,2751.14,2661.17,2661.40,2806.43,2895.21,2838.46,2759.83,2655.50,2403.92,1755.25,1760.69,1883.52,2032.14,2130.10,2210.05,2218.10,2226.35,2264.01,2506.19,2551.63,2730.51,3129.82,3671.23,4371.42,4836.29,4814.41,4839.03,4884.81,4991.17,5184.37,5239.08
,,,Botswana,698.14,800.69,981.15,1200.35,1402.35,1460.55,1510.13,1588.24,1687.50,1833.69,1960.25,2102.90,2210.16,2386.55,2602.79,2726.71,2822.80,2954.81,3201.85,3705.82,4061.41,4205.85,4386.06,4374.28,4314.91,4333.17,4500.01,4626.70,4862.89,4773.36,5110.75,5098.33,5008.74,5214.88,5361.20,5412.63,5559.98,5888.41,6273.75,6533.67,5916.03,6301.00,6565.36,6775.55,7303.43,7527.41
,,,Burundi,218.32,260.24,261.82,249.69,266.13,260.16,256.18,271.16,295.53,285.64,277.01,268.17,288.89,279.16,282.20,276.16,302.25,306.17,315.33,323.03,320.02,323.58,331.65,324.78,313.84,307.72,270.67,241.71,230.95,234.92,225.86,217.53,215.66,218.74,209.76,213.40,208.90,213.49,216.84,220.69,221.14,222.22,224.13,225.63,228.38,231.31
,,,Cameroon,840.41,848.79,859.98,864.01,890.20,963.39,1046.73,963.64,1065.55,1261.90,1297.70,1225.76,1378.50,1442.53,1506.16,1569.39,1639.71,1692.04,1601.99,1431.39,1363.54,1242.37,1160.34,1092.41,977.38,969.69,981.93,1002.14,1027.05,1048.70,1062.76,1078.44,1097.63,1110.73,1123.90,1133.99,1128.71,1134.02,1138.86,1138.88,1128.90,1134.48,1150.55,1172.14,1205.28,1243.33
,,,Central African Republic,602.97,602.09,594.46,581.08,580.67,604.83,592.05,608.17,615.14,606.59,575.98,535.29,513.04,538.17,481.66,510.09,513.54,520.18,483.09,478.50,474.51,451.51,436.35,396.82,386.26,393.64,412.63,387.68,398.78,407.56,412.33,392.91,402.95,409.99,379.90,395.74,392.54,398.97,408.64,408.27,406.44,409.92,414.46,422.36,264.39,261.43
,,,Chad,621.60,619.93,593.46,587.82,527.28,541.72,577.94,582.42,582.63,567.28,435.76,409.59,414.55,416.60,458.82,463.19,559.58,521.49,492.29,551.64,562.53,527.36,554.63,576.53,477.13,515.99,501.30,491.96,504.69,524.07,505.00,485.82,526.75,554.08,613.16,787.66,894.40,877.03,884.04,890.69,908.68,1010.84,991.41,1058.16,1096.71,1154.23
,,,Comoros Islands,1092.10,1078.66,1065.13,1051.53,1037.86,1024.14,1010.35,996.52,932.73,919.54,906.32,791.09,802.91,834.29,853.79,867.45,865.92,861.30,854.99,857.66,811.30,833.12,770.20,816.89,822.36,761.39,771.15,743.82,755.60,746.85,742.47,734.05,799.97,797.22,792.49,786.12,786.63,785.99,771.94,755.86,752.27,751.28,753.98,760.38,771.30,779.36
,,,"Congo, Democratic Republic (Kinshasha)",961.85,932.96,962.28,937.67,985.66,988.72,913.26,840.98,823.63,755.85,735.22,730.41,727.63,704.43,696.23,714.46,696.14,706.97,703.02,683.89,653.78,590.89,522.92,453.12,379.01,351.79,339.96,329.57,307.16,295.69,274.49,247.94,235.49,235.28,241.46,250.56,258.24,264.05,272.59,281.54,281.80,293.81,305.83,319.32,337.72,359.11
,,,"Congo, Republic of (Brazzaville)",1686.93,1749.02,1836.44,1943.11,2048.06,2150.27,2251.86,2209.02,1955.25,2021.86,2158.75,2469.26,2824.14,3394.33,3494.12,3635.21,3493.10,3162.99,3080.33,3046.58,3037.50,2981.19,2965.50,2956.83,2840.86,2605.56,2635.14,2675.66,2602.89,2640.75,2506.63,2595.21,2595.28,2656.21,2601.40,2592.34,2680.56,2725.45,2572.66,2627.65,2717.48,2833.62,2835.82,2870.96,2915.12,3047.10
,,,Djibouti,13.06,12.89,12.73,12.58,12.41,12.26,12.09,11.94,11.78,11.60,11.40,11.26,11.12,10.98,10.87,10.77,10.20,10.33,10.27,9.82,9.82,23.33,21.58,20.89,18.86,18.04,16.71,15.69,15.38,15.07,14.93,14.55,14.40,14.34,14.39,14.52,14.55,14.80,15.11,15.55,15.89,16.16,16.59,16.65,17.04,17.53
,,,Equatorial Guinea,456.68,457.57,458.49,459.43,477.26,525.92,625.70,710.08,713.91,717.62,640.64,562.22,560.15,545.00,545.35,524.50,572.96,545.42,554.96,554.82,533.52,510.14,491.32,644.05,695.56,789.18,901.54,1460.03,3547.68,4267.79,5211.71,5986.15,9501.10,11026.73,12210.02,16376.40,18586.11,17202.85,18927.82,20673.12,18496.92,17772.15,18170.72,18270.11,16940.20,15998.99
,,,Eritrea,373.53,354.10,353.49,352.43,347.23,348.42,349.58,349.75,350.72,354.30,358.87,364.49,361.99,359.55,357.07,354.62,352.14,359.24,371.55,373.14,369.25,365.18,375.42,382.03,414.49,479.95,468.01,488.32,512.06,505.15,490.80,462.04,486.20,482.20,449.96,437.21,434.11,417.97,412.59,362.46,366.84,365.45,387.37,404.54,400.25,397.68
,,,Ethiopia,251.04,249.22,246.46,243.52,240.70,237.44,234.19,230.62,227.61,226.00,225.42,225.34,218.12,210.32,220.95,217.87,190.69,204.29,224.96,218.30,210.44,209.54,187.13,165.04,182.04,182.61,187.90,205.00,205.52,192.90,197.10,203.14,213.80,210.87,200.42,221.11,240.21,258.65,280.00,301.28,318.33,347.89,375.67,396.49,425.57,454.51
,,,Gabon,7807.69,8306.99,8961.51,9753.46,10312.47,13505.86,14846.98,18955.60,16131.36,11915.72,12030.38,12494.51,12825.54,12042.60,12313.48,12806.68,12090.85,11625.11,9397.13,10382.34,11035.38,11370.16,11784.51,11119.99,11253.18,11360.91,11610.80,11717.75,12068.76,12162.23,10719.41,10170.66,10119.62,9851.70,9829.70,9666.89,9818.87,9258.33,9655.41,9177.69,8893.40,9368.07,9762.30,10192.46,10428.15,10666.45
,,,Kenya,651.53,601.35,710.33,803.24,820.81,823.67,800.69,787.56,829.38,852.65,881.87,894.67,892.54,871.46,849.76,832.80,837.34,866.06,886.34,910.36,922.74,931.71,914.88,874.70,850.45,851.66,867.07,881.17,864.33,872.14,871.75,856.02,865.27,846.03,846.44,864.21,888.69,917.12,952.59,926.76,929.27,979.35,1011.94,1031.72,1065.03,1097.54
,,,Lesotho,321.12,320.71,329.53,321.47,397.22,430.92,364.35,395.55,469.40,540.99,542.15,513.48,503.48,502.79,500.88,511.88,511.26,527.52,518.02,552.38,572.48,594.41,607.20,640.45,651.04,675.02,678.04,705.19,728.36,735.95,734.63,768.90,798.91,801.79,839.09,858.97,883.48,922.93,967.80,1024.03,1058.32,1139.55,1182.36,1237.81,1291.00,1312.65
,,,Madagascar,704.87,725.63,737.27,711.24,676.57,674.05,666.36,629.07,627.52,595.02,635.97,623.53,547.46,522.52,512.35,506.24,497.38,492.45,483.76,485.59,490.54,490.95,446.32,438.17,434.01,420.75,415.18,411.45,413.94,417.45,424.10,431.60,444.66,377.33,402.54,411.72,418.55,427.27,441.35,459.79,429.29,418.77,413.47,414.68,413.53,414.76
,,,Malawi,249.27,244.07,276.16,285.34,283.57,293.60,297.15,299.96,305.25,324.84,328.77,319.96,293.64,291.60,293.03,299.25,303.43,291.86,281.09,273.40,262.99,265.97,279.30,250.47,271.29,249.08,293.92,308.88,312.35,316.01,317.14,313.75,290.15,286.92,294.05,299.26,298.43,295.05,312.69,327.64,345.35,355.57,358.59,353.19,359.27,367.27
,,,Mauritania,1046.64,1153.53,1155.74,1128.23,1058.24,1166.42,1087.03,1158.76,1117.01,1090.14,1119.94,1134.31,1149.10,1098.37,1114.71,1054.93,1062.13,1097.21,1092.23,1085.11,1114.45,1072.45,1064.82,1047.93,1069.47,1006.30,1079.68,1124.44,1058.20,1060.63,1112.99,1079.85,1073.67,1053.69,1088.80,1122.79,1193.33,1383.80,1388.27,1369.51,1322.95,1353.42,1379.81,1428.41,1475.05,1534.38
,,,Mauritius,1550.64,1519.29,1562.43,1672.45,1851.30,1986.63,1977.08,2406.15,2520.98,2571.52,2613.38,2308.83,2406.32,2505.35,2489.54,2581.09,2737.60,2981.83,3221.75,3412.01,3535.73,3760.58,3890.27,4093.65,4247.53,4372.84,4512.35,4713.18,4924.82,5168.39,5246.95,5658.82,5746.56,5811.19,5967.39,6253.64,6276.45,6469.02,6793.31,7109.81,7269.11,7509.62,7743.95,7934.68,8131.96,8368.28
,,,Mozambique,194.75,198.40,201.73,204.49,207.28,210.19,217.80,219.94,221.89,224.47,226.84,231.66,238.04,217.29,179.64,165.12,164.14,158.70,184.82,205.03,219.16,219.09,226.02,211.30,221.74,219.96,212.42,221.24,237.69,257.07,271.85,268.84,294.30,313.33,325.06,345.97,367.89,382.70,400.79,416.72,432.34,451.40,473.66,494.94,518.32,543.12
,,,Namibia,5324.09,5236.75,5103.15,4971.83,4848.16,4726.42,4600.37,4474.93,4397.35,4348.80,4265.07,4170.88,4146.84,4037.59,3841.19,3716.78,3626.51,3688.59,3706.31,3583.53,3453.71,3375.99,3551.62,3707.62,3551.52,3517.71,3561.08,3583.42,3646.21,3682.02,3723.30,3758.19,3720.61,3847.92,3965.04,4400.03,4463.04,4730.23,4994.77,5064.67,5045.27,5296.41,5520.91,5757.31,6004.32,6228.69
,,,Rwanda,321.23,330.36,324.77,316.50,318.01,313.60,297.77,344.36,339.55,358.17,388.02,409.30,417.80,411.85,422.61,392.86,399.68,409.57,395.91,399.65,386.63,367.52,351.04,363.77,321.15,186.58,299.90,282.68,275.50,285.19,300.08,318.23,337.28,372.19,367.59,382.09,397.88,423.77,443.27,478.61,494.14,515.43,540.52,571.97,582.67,606.85
,,,Sao Tome and Principe,974.03,978.85,979.63,974.19,970.62,969.70,963.21,950.16,937.60,926.57,917.76,911.31,904.46,903.47,901.89,899.85,897.41,894.57,892.76,888.12,886.37,882.34,881.59,870.82,866.43,870.84,871.90,868.63,860.30,864.08,867.25,878.76,886.84,884.32,922.72,942.99,936.82,1031.68,1029.06,1098.01,1117.70,1143.51,1175.32,1197.84,1221.47,1248.95
,,,Seychelles,3293.14,3479.41,3921.59,4080.99,4395.10,4384.16,4432.35,5064.65,4665.40,5592.57,6399.94,6054.92,5493.85,5383.60,5246.25,5429.08,5972.39,5903.57,6107.57,6368.80,6999.19,7405.68,7519.93,7963.77,8363.01,8205.01,8050.61,8359.15,9274.39,9953.57,10014.94,10035.47,9683.38,9685.81,9012.94,8658.83,9335.56,10103.83,11038.73,10691.05,10466.20,10980.01,11734.21,12327.38,13024.83,13267.35
,,,Sudan,962.55,992.72,988.29,913.46,894.25,966.89,1085.46,1228.59,1266.14,1155.54,1064.82,1048.82,1093.22,1123.83,1109.46,1014.98,916.11,930.06,1023.10,982.07,1030.29,937.97,971.19,996.87,1007.69,997.88,1037.00,1076.85,1167.30,1193.73,1206.67,1258.09,1313.61,1370.64,1447.71,1474.46,1553.83,1676.69,1833.23,1936.23,1956.21,1989.11,1917.39,1839.33,1865.22,1888.29
,,,Swaziland,956.53,1045.03,1157.45,1187.99,1260.66,1297.34,1437.92,1368.67,1342.90,1320.18,1315.07,1422.71,1579.73,1552.77,1518.62,1556.79,1559.32,1685.51,1861.73,1892.99,2051.06,2391.19,2325.49,2309.02,2309.24,2349.94,2441.94,2464.98,2472.96,2471.33,2481.09,2465.64,2439.61,2432.65,2440.67,2467.98,2486.53,2526.86,2574.93,2597.69,2594.60,2605.35,2608.39,2646.03,2693.77,2728.61
,,,Tanzania,458.27,458.07,457.88,456.87,455.57,455.20,455.62,456.12,456.30,456.52,457.75,458.83,459.76,460.76,461.63,462.49,463.44,464.24,464.17,464.60,468.90,488.44,484.90,474.03,464.28,454.06,455.63,466.54,471.83,475.44,484.15,492.64,506.96,527.29,546.84,572.68,601.72,611.77,644.52,661.28,678.64,702.34,736.20,752.24,784.32,815.67
,,,Uganda,285.76,283.63,282.52,283.05,284.05,284.07,283.29,282.46,281.59,280.66,280.44,280.58,279.88,298.38,306.85,296.42,277.77,269.86,270.32,281.53,288.42,296.64,302.57,302.15,315.42,323.55,350.73,372.00,379.40,385.99,403.37,402.88,410.83,432.90,446.13,461.00,474.36,508.62,534.14,563.22,585.81,596.81,633.37,640.07,639.75,647.00
,,,Zambia,1528.98,1557.87,1516.06,1612.01,1553.59,1608.62,1531.66,1585.01,1473.11,1442.33,1361.57,1365.12,1405.89,1319.89,1247.48,1202.71,1185.51,1154.91,1147.04,1183.62,1139.53,1103.23,1072.58,1025.52,1066.36,949.22,952.13,985.78,995.05,963.94,981.30,989.79,1011.94,1030.11,1075.03,1122.78,1173.93,1233.54,1300.67,1363.49,1449.22,1553.88,1605.27,1664.60,1725.79,1777.32
,,,Zimbabwe,938.50,1116.54,1179.81,1239.50,1241.95,1287.63,1229.06,1205.38,1098.06,1048.59,1064.30,1169.74,1270.32,1268.39,1241.08,1171.19,1205.80,1187.25,1156.65,1199.29,1222.26,1270.61,1304.75,1155.80,1140.70,1233.67,1227.54,1335.87,1353.45,1376.00,1350.07,1299.14,1312.53,1195.98,996.97,945.51,898.83,874.87,850.36,705.85,745.30,811.61,875.74,927.19,927.37,915.85
,,,,,,,,,,,,,,,,,,,,,,,,,,,,,,,,,,,,,,,,,,,,,,,,,
,,,,,,,,,,,,,,,,,,,,,,,,,,,,,,,,,,,,,,,,,,,,,,,,,
,,,,,,,,,,,,,,,,,,,,,,,,,,,,,,,,,,,,,,,,,,,,,,,,,
,,,,,,,,,,,,,,,,,,,,,,,,,,,,,,,,,,,,,,,,,,,,,,,,,
,,,,,,,,,,,,,,,,,,,,,,,,,,,,,,,,,,,,,,,,,,,,,,,,,
,,,,,,,,,,,,,,,,,,,,,,,,,,,,,,,,,,,,,,,,,,,,,,,,,
,,,,,,,,,,,,,,,,,,,,,,,,,,,,,,,,,,,,,,,,,,,,,,,,,
,,,,,,,,,,,,,,,,,,,,,,,,,,,,,,,,,,,,,,,,,,,,,,,,,
,,,,,,,,,,,,,,,,,,,,,,,,,,,,,,,,,,,,,,,,,,,,,,,,,
,,,,,,,,,,,,,,,,,,,,,,,,,,,,,,,,,,,,,,,,,,,,,,,,,
,,,,,,,,,,,,,,,,,,,,,,,,,,,,,,,,,,,,,,,,,,,,,,,,,
,,,,,,,,,,,,,,,,,,,,,,,,,,,,,,,,,,,,,,,,,,,,,,,,,
,,,,,,,,,,,,,,,,,,,,,,,,,,,,,,,,,,,,,,,,,,,,,,,,,
,,,,,,,,,,,,,,,,,,,,,,,,,,,,,,,,,,,,,,,,,,,,,,,,,
,,,,,,,,,,,,,,,,,,,,,,,,,,,,,,,,,,,,,,,,,,,,,,,,,
,,,,,,,,,,,,,,,,,,,,,,,,,,,,,,,,,,,,,,,,,,,,,,,,,
,,,,,,,,,,,,,,,,,,,,,,,,,,,,,,,,,,,,,,,,,,,,,,,,,
,,,,,,,,,,,,,,,,,,,,,,,,,,,,,,,,,,,,,,,,,,,,,,,,,
,,,,,,,,,,,,,,,,,,,,,,,,,,,,,,,,,,,,,,,,,,,,,,,,,
,,,,,,,,,,,,,,,,,,,,,,,,,,,,,,,,,,,,,,,,,,,,,,,,,
,,,,,,,,,,,,,,,,,,,,,,,,,,,,,,,,,,,,,,,,,,,,,,,,,
,,,,,,,,,,,,,,,,,,,,,,,,,,,,,,,,,,,,,,,,,,,,,,,,,
,,,,,,,,,,,,,,,,,,,,,,,,,,,,,,,,,,,,,,,,,,,,,,,,,
,,,,,,,,,,,,,,,,,,,,,,,,,,,,,,,,,,,,,,,,,,,,,,,,,
,,,,,,,,,,,,,,,,,,,,,,,,,,,,,,,,,,,,,,,,,,,,,,,,,
,,,,,,,,,,,,,,,,,,,,,,,,,,,,,,,,,,,,,,,,,,,,,,,,,
,,,,,,,,,,,,,,,,,,,,,,,,,,,,,,,,,,,,,,,,,,,,,,,,,
,,,,,,,,,,,,,,,,,,,,,,,,,,,,,,,,,,,,,,,,,,,,,,,,,
,,,,,,,,,,,,,,,,,,,,,,,,,,,,,,,,,,,,,,,,,,,,,,,,,
,,,,,,,,,,,,,,,,,,,,,,,,,,,,,,,,,,,,,,,,,,,,,,,,,
,,,,,,,,,,,,,,,,,,,,,,,,,,,,,,,,,,,,,,,,,,,,,,,,,
,,,,,,,,,,,,,,,,,,,,,,,,,,,,,,,,,,,,,,,,,,,,,,,,,
,,,,,,,,,,,,,,,,,,,,,,,,,,,,,,,,,,,,,,,,,,,,,,,,,
,,,,,,,,,,,,,,,,,,,,,,,,,,,,,,,,,,,,,,,,,,,,,,,,,
,,,,,,,,,,,,,,,,,,,,,,,,,,,,,,,,,,,,,,,,,,,,,,,,,
,,,,,,,,,,,,,,,,,,,,,,,,,,,,,,,,,,,,,,,,,,,,,,,,,
,,,,,,,,,,,,,,,,,,,,,,,,,,,,,,,,,,,,,,,,,,,,,,,,,
,,,,,,,,,,,,,,,,,,,,,,,,,,,,,,,,,,,,,,,,,,,,,,,,,
,,,,,,,,,,,,,,,,,,,,,,,,,,,,,,,,,,,,,,,,,,,,,,,,,
,,,,,,,,,,,,,,,,,,,,,,,,,,,,,,,,,,,,,,,,,,,,,,,,,
,,,,,,,,,,,,,,,,,,,,,,,,,,,,,,,,,,,,,,,,,,,,,,,,,
,,,,,,,,,,,,,,,,,,,,,,,,,,,,,,,,,,,,,,,,,,,,,,,,,
,,,,,,,,,,,,,,,,,,,,,,,,,,,,,,,,,,,,,,,,,,,,,,,,,
,,,,,,,,,,,,,,,,,,,,,,,,,,,,,,,,,,,,,,,,,,,,,,,,,
,,,,,,,,,,,,,,,,,,,,,,,,,,,,,,,,,,,,,,,,,,,,,,,,,
,,,,,,,,,,,,,,,,,,,,,,,,,,,,,,,,,,,,,,,,,,,,,,,,,
,,,,,,,,,,,,,,,,,,,,,,,,,,,,,,,,,,,,,,,,,,,,,,,,,
,,,,,,,,,,,,,,,,,,,,,,,,,,,,,,,,,,,,,,,,,,,,,,,,,
,,,,,,,,,,,,,,,,,,,,,,,,,,,,,,,,,,,,,,,,,,,,,,,,,
,,,,,,,,,,,,,,,,,,,,,,,,,,,,,,,,,,,,,,,,,,,,,,,,,
,,,,,,,,,,,,,,,,,,,,,,,,,,,,,,,,,,,,,,,,,,,,,,,,,
,,,,,,,,,,,,,,,,,,,,,,,,,,,,,,,,,,,,,,,,,,,,,,,,,
,,,,,,,,,,,,,,,,,,,,,,,,,,,,,,,,,,,,,,,,,,,,,,,,,
,,,,,,,,,,,,,,,,,,,,,,,,,,,,,,,,,,,,,,,,,,,,,,,,,
,,,,,,,,,,,,,,,,,,,,,,,,,,,,,,,,,,,,,,,,,,,,,,,,,
,,,,,,,,,,,,,,,,,,,,,,,,,,,,,,,,,,,,,,,,,,,,,,,,,
,,,,,,,,,,,,,,,,,,,,,,,,,,,,,,,,,,,,,,,,,,,,,,,,,
,,,,,,,,,,,,,,,,,,,,,,,,,,,,,,,,,,,,,,,,,,,,,,,,,
,,,,,,,,,,,,,,,,,,,,,,,,,,,,,,,,,,,,,,,,,,,,,,,,,
,,,,,,,,,,,,,,,,,,,,,,,,,,,,,,,,,,,,,,,,,,,,,,,,,
,,,,,,,,,,,,,,,,,,,,,,,,,,,,,,,,,,,,,,,,,,,,,,,,,
,,,,,,,,,,,,,,,,,,,,,,,,,,,,,,,,,,,,,,,,,,,,,,,,,
,,,,,,,,,,,,,,,,,,,,,,,,,,,,,,,,,,,,,,,,,,,,,,,,,
,,,,,,,,,,,,,,,,,,,,,,,,,,,,,,,,,,,,,,,,,,,,,,,,,
,,,,,,,,,,,,,,,,,,,,,,,,,,,,,,,,,,,,,,,,,,,,,,,,,
,,,,,,,,,,,,,,,,,,,,,,,,,,,,,,,,,,,,,,,,,,,,,,,,,
,,,,,,,,,,,,,,,,,,,,,,,,,,,,,,,,,,,,,,,,,,,,,,,,,
,,,,,,,,,,,,,,,,,,,,,,,,,,,,,,,,,,,,,,,,,,,,,,,,,
,,,,,,,,,,,,,,,,,,,,,,,,,,,,,,,,,,,,,,,,,,,,,,,,,
,,,,,,,,,,,,,,,,,,,,,,,,,,,,,,,,,,,,,,,,,,,,,,,,,
,,,,,,,,,,,,,,,,,,,,,,,,,,,,,,,,,,,,,,,,,,,,,,,,,
,,,,,,,,,,,,,,,,,,,,,,,,,,,,,,,,,,,,,,,,,,,,,,,,,
,,,,,,,,,,,,,,,,,,,,,,,,,,,,,,,,,,,,,,,,,,,,,,,,,
,,,,,,,,,,,,,,,,,,,,,,,,,,,,,,,,,,,,,,,,,,,,,,,,,
,,,,,,,,,,,,,,,,,,,,,,,,,,,,,,,,,,,,,,,,,,,,,,,,,
,,,,,,,,,,,,,,,,,,,,,,,,,,,,,,,,,,,,,,,,,,,,,,,,,
,,,,,,,,,,,,,,,,,,,,,,,,,,,,,,,,,,,,,,,,,,,,,,,,,
,,,,,,,,,,,,,,,,,,,,,,,,,,,,,,,,,,,,,,,,,,,,,,,,,
,,,,,,,,,,,,,,,,,,,,,,,,,,,,,,,,,,,,,,,,,,,,,,,,,
,,,,,,,,,,,,,,,,,,,,,,,,,,,,,,,,,,,,,,,,,,,,,,,,,
,,,,,,,,,,,,,,,,,,,,,,,,,,,,,,,,,,,,,,,,,,,,,,,,,
,,,,,,,,,,,,,,,,,,,,,,,,,,,,,,,,,,,,,,,,,,,,,,,,,
,,,,,,,,,,,,,,,,,,,,,,,,,,,,,,,,,,,,,,,,,,,,,,,,,
,,,,,,,,,,,,,,,,,,,,,,,,,,,,,,,,,,,,,,,,,,,,,,,,,
,,,,,,,,,,,,,,,,,,,,,,,,,,,,,,,,,,,,,,,,,,,,,,,,,
,,,,,,,,,,,,,,,,,,,,,,,,,,,,,,,,,,,,,,,,,,,,,,,,,
,,,,,,,,,,,,,,,,,,,,,,,,,,,,,,,,,,,,,,,,,,,,,,,,,
,,,,,,,,,,,,,,,,,,,,,,,,,,,,,,,,,,,,,,,,,,,,,,,,,
,,,,,,,,,,,,,,,,,,,,,,,,,,,,,,,,,,,,,,,,,,,,,,,,,
,,,,,,,,,,,,,,,,,,,,,,,,,,,,,,,,,,,,,,,,,,,,,,,,,
,,,,,,,,,,,,,,,,,,,,,,,,,,,,,,,,,,,,,,,,,,,,,,,,,
,,,,,,,,,,,,,,,,,,,,,,,,,,,,,,,,,,,,,,,,,,,,,,,,,
,,,,,,,,,,,,,,,,,,,,,,,,,,,,,,,,,,,,,,,,,,,,,,,,,
,,,,,,,,,,,,,,,,,,,,,,,,,,,,,,,,,,,,,,,,,,,,,,,,,
,,,,,,,,,,,,,,,,,,,,,,,,,,,,,,,,,,,,,,,,,,,,,,,,,
,,,,,,,,,,,,,,,,,,,,,,,,,,,,,,,,,,,,,,,,,,,,,,,,,
,,,,,,,,,,,,,,,,,,,,,,,,,,,,,,,,,,,,,,,,,,,,,,,,,
,,,,,,,,,,,,,,,,,,,,,,,,,,,,,,,,,,,,,,,,,,,,,,,,,
,,,,,,,,,,,,,,,,,,,,,,,,,,,,,,,,,,,,,,,,,,,,,,,,,
,,,,,,,,,,,,,,,,,,,,,,,,,,,,,,,,,,,,,,,,,,,,,,,,,
,,,,,,,,,,,,,,,,,,,,,,,,,,,,,,,,,,,,,,,,,,,,,,,,,
,,,,,,,,,,,,,,,,,,,,,,,,,,,,,,,,,,,,,,,,,,,,,,,,,
,,,,,,,,,,,,,,,,,,,,,,,,,,,,,,,,,,,,,,,,,,,,,,,,,
,,,,,,,,,,,,,,,,,,,,,,,,,,,,,,,,,,,,,,,,,,,,,,,,,
,,,,,,,,,,,,,,,,,,,,,,,,,,,,,,,,,,,,,,,,,,,,,,,,,
,,,,,,,,,,,,,,,,,,,,,,,,,,,,,,,,,,,,,,,,,,,,,,,,,
,,,,,,,,,,,,,,,,,,,,,,,,,,,,,,,,,,,,,,,,,,,,,,,,,
,,,,,,,,,,,,,,,,,,,,,,,,,,,,,,,,,,,,,,,,,,,,,,,,,
,,,,,,,,,,,,,,,,,,,,,,,,,,,,,,,,,,,,,,,,,,,,,,,,,
,,,,,,,,,,,,,,,,,,,,,,,,,,,,,,,,,,,,,,,,,,,,,,,,,
,,,,,,,,,,,,,,,,,,,,,,,,,,,,,,,,,,,,,,,,,,,,,,,,,
,,,,,,,,,,,,,,,,,,,,,,,,,,,,,,,,,,,,,,,,,,,,,,,,,
,,,,,,,,,,,,,,,,,,,,,,,,,,,,,,,,,,,,,,,,,,,,,,,,,
,,,,,,,,,,,,,,,,,,,,,,,,,,,,,,,,,,,,,,,,,,,,,,,,,
,,,,,,,,,,,,,,,,,,,,,,,,,,,,,,,,,,,,,,,,,,,,,,,,,
,,,,,,,,,,,,,,,,,,,,,,,,,,,,,,,,,,,,,,,,,,,,,,,,,
